MSN,YYYYMM,Value,Column_Order,Description,Total,Unit
"""NGTCPUS""","""197301""",2348.0,"""12""","""Natural Gas Consumption"," Total""","""Billion Cubic Feet"""
"""NGTCPUS""","""197302""",2126.0,"""12""","""Natural Gas Consumption"," Total""","""Billion Cubic Feet"""
"""NGTCPUS""","""197303""",2015.0,"""12""","""Natural Gas Consumption"," Total""","""Billion Cubic Feet"""
"""NGTCPUS""","""197304""",1835.0,"""12""","""Natural Gas Consumption"," Total""","""Billion Cubic Feet"""
"""NGTCPUS""","""197305""",1729.0,"""12""","""Natural Gas Consumption"," Total""","""Billion Cubic Feet"""
"""NGTCPUS""","""197306""",1534.0,"""12""","""Natural Gas Consumption"," Total""","""Billion Cubic Feet"""
"""NGTCPUS""","""197307""",1558.0,"""12""","""Natural Gas Consumption"," Total""","""Billion Cubic Feet"""
"""NGTCPUS""","""197308""",1582.0,"""12""","""Natural Gas Consumption"," Total""","""Billion Cubic Feet"""
"""NGTCPUS""","""197309""",1527.0,"""12""","""Natural Gas Consumption"," Total""","""Billion Cubic Feet"""
"""NGTCPUS""","""197310""",1708.0,"""12""","""Natural Gas Consumption"," Total""","""Billion Cubic Feet"""
"""NGTCPUS""","""197311""",1905.0,"""12""","""Natural Gas Consumption"," Total""","""Billion Cubic Feet"""
"""NGTCPUS""","""197312""",2182.0,"""12""","""Natural Gas Consumption"," Total""","""Billion Cubic Feet"""
"""NGTCPUS""","""197401""",2230.0,"""12""","""Natural Gas Consumption"," Total""","""Billion Cubic Feet"""
"""NGTCPUS""","""197402""",2054.0,"""12""","""Natural Gas Consumption"," Total""","""Billion Cubic Feet"""
"""NGTCPUS""","""197403""",2003.0,"""12""","""Natural Gas Consumption"," Total""","""Billion Cubic Feet"""
"""NGTCPUS""","""197404""",1691.0,"""12""","""Natural Gas Consumption"," Total""","""Billion Cubic Feet"""
"""NGTCPUS""","""197405""",1608.0,"""12""","""Natural Gas Consumption"," Total""","""Billion Cubic Feet"""
"""NGTCPUS""","""197406""",1439.0,"""12""","""Natural Gas Consumption"," Total""","""Billion Cubic Feet"""
"""NGTCPUS""","""197407""",1514.0,"""12""","""Natural Gas Consumption"," Total""","""Billion Cubic Feet"""
"""NGTCPUS""","""197408""",1510.0,"""12""","""Natural Gas Consumption"," Total""","""Billion Cubic Feet"""
"""NGTCPUS""","""197409""",1537.0,"""12""","""Natural Gas Consumption"," Total""","""Billion Cubic Feet"""
"""NGTCPUS""","""197410""",1706.0,"""12""","""Natural Gas Consumption"," Total""","""Billion Cubic Feet"""
"""NGTCPUS""","""197411""",1827.0,"""12""","""Natural Gas Consumption"," Total""","""Billion Cubic Feet"""
"""NGTCPUS""","""197412""",2104.0,"""12""","""Natural Gas Consumption"," Total""","""Billion Cubic Feet"""
"""NGTCPUS""","""197501""",2248.0,"""12""","""Natural Gas Consumption"," Total""","""Billion Cubic Feet"""
"""NGTCPUS""","""197502""",1939.0,"""12""","""Natural Gas Consumption"," Total""","""Billion Cubic Feet"""
"""NGTCPUS""","""197503""",1903.0,"""12""","""Natural Gas Consumption"," Total""","""Billion Cubic Feet"""
"""NGTCPUS""","""197504""",1575.0,"""12""","""Natural Gas Consumption"," Total""","""Billion Cubic Feet"""
"""NGTCPUS""","""197505""",1331.0,"""12""","""Natural Gas Consumption"," Total""","""Billion Cubic Feet"""
"""NGTCPUS""","""197506""",1257.0,"""12""","""Natural Gas Consumption"," Total""","""Billion Cubic Feet"""
"""NGTCPUS""","""197507""",1313.0,"""12""","""Natural Gas Consumption"," Total""","""Billion Cubic Feet"""
"""NGTCPUS""","""197508""",1369.0,"""12""","""Natural Gas Consumption"," Total""","""Billion Cubic Feet"""
"""NGTCPUS""","""197509""",1370.0,"""12""","""Natural Gas Consumption"," Total""","""Billion Cubic Feet"""
"""NGTCPUS""","""197510""",1544.0,"""12""","""Natural Gas Consumption"," Total""","""Billion Cubic Feet"""
"""NGTCPUS""","""197511""",1640.0,"""12""","""Natural Gas Consumption"," Total""","""Billion Cubic Feet"""
"""NGTCPUS""","""197512""",2049.0,"""12""","""Natural Gas Consumption"," Total""","""Billion Cubic Feet"""
"""NGTCPUS""","""197601""",2291.0,"""12""","""Natural Gas Consumption"," Total""","""Billion Cubic Feet"""
"""NGTCPUS""","""197602""",1938.0,"""12""","""Natural Gas Consumption"," Total""","""Billion Cubic Feet"""
"""NGTCPUS""","""197603""",1721.0,"""12""","""Natural Gas Consumption"," Total""","""Billion Cubic Feet"""
"""NGTCPUS""","""197604""",1508.0,"""12""","""Natural Gas Consumption"," Total""","""Billion Cubic Feet"""
"""NGTCPUS""","""197605""",1434.0,"""12""","""Natural Gas Consumption"," Total""","""Billion Cubic Feet"""
"""NGTCPUS""","""197606""",1335.0,"""12""","""Natural Gas Consumption"," Total""","""Billion Cubic Feet"""
"""NGTCPUS""","""197607""",1372.0,"""12""","""Natural Gas Consumption"," Total""","""Billion Cubic Feet"""
"""NGTCPUS""","""197608""",1317.0,"""12""","""Natural Gas Consumption"," Total""","""Billion Cubic Feet"""
"""NGTCPUS""","""197609""",1302.0,"""12""","""Natural Gas Consumption"," Total""","""Billion Cubic Feet"""
"""NGTCPUS""","""197610""",1621.0,"""12""","""Natural Gas Consumption"," Total""","""Billion Cubic Feet"""
"""NGTCPUS""","""197611""",1875.0,"""12""","""Natural Gas Consumption"," Total""","""Billion Cubic Feet"""
"""NGTCPUS""","""197612""",2232.0,"""12""","""Natural Gas Consumption"," Total""","""Billion Cubic Feet"""
"""NGTCPUS""","""197701""",2407.0,"""12""","""Natural Gas Consumption"," Total""","""Billion Cubic Feet"""
"""NGTCPUS""","""197702""",1816.0,"""12""","""Natural Gas Consumption"," Total""","""Billion Cubic Feet"""
"""NGTCPUS""","""197703""",1715.0,"""12""","""Natural Gas Consumption"," Total""","""Billion Cubic Feet"""
"""NGTCPUS""","""197704""",1439.0,"""12""","""Natural Gas Consumption"," Total""","""Billion Cubic Feet"""
"""NGTCPUS""","""197705""",1379.0,"""12""","""Natural Gas Consumption"," Total""","""Billion Cubic Feet"""
"""NGTCPUS""","""197706""",1333.0,"""12""","""Natural Gas Consumption"," Total""","""Billion Cubic Feet"""
"""NGTCPUS""","""197707""",1325.0,"""12""","""Natural Gas Consumption"," Total""","""Billion Cubic Feet"""
"""NGTCPUS""","""197708""",1364.0,"""12""","""Natural Gas Consumption"," Total""","""Billion Cubic Feet"""
"""NGTCPUS""","""197709""",1427.0,"""12""","""Natural Gas Consumption"," Total""","""Billion Cubic Feet"""
"""NGTCPUS""","""197710""",1518.0,"""12""","""Natural Gas Consumption"," Total""","""Billion Cubic Feet"""
"""NGTCPUS""","""197711""",1690.0,"""12""","""Natural Gas Consumption"," Total""","""Billion Cubic Feet"""
"""NGTCPUS""","""197712""",2108.0,"""12""","""Natural Gas Consumption"," Total""","""Billion Cubic Feet"""
"""NGTCPUS""","""197801""",2382.0,"""12""","""Natural Gas Consumption"," Total""","""Billion Cubic Feet"""
"""NGTCPUS""","""197802""",2139.0,"""12""","""Natural Gas Consumption"," Total""","""Billion Cubic Feet"""
"""NGTCPUS""","""197803""",1918.0,"""12""","""Natural Gas Consumption"," Total""","""Billion Cubic Feet"""
"""NGTCPUS""","""197804""",1539.0,"""12""","""Natural Gas Consumption"," Total""","""Billion Cubic Feet"""
"""NGTCPUS""","""197805""",1380.0,"""12""","""Natural Gas Consumption"," Total""","""Billion Cubic Feet"""
"""NGTCPUS""","""197806""",1249.0,"""12""","""Natural Gas Consumption"," Total""","""Billion Cubic Feet"""
"""NGTCPUS""","""197807""",1333.0,"""12""","""Natural Gas Consumption"," Total""","""Billion Cubic Feet"""
"""NGTCPUS""","""197808""",1285.0,"""12""","""Natural Gas Consumption"," Total""","""Billion Cubic Feet"""
"""NGTCPUS""","""197809""",1235.0,"""12""","""Natural Gas Consumption"," Total""","""Billion Cubic Feet"""
"""NGTCPUS""","""197810""",1440.0,"""12""","""Natural Gas Consumption"," Total""","""Billion Cubic Feet"""
"""NGTCPUS""","""197811""",1658.0,"""12""","""Natural Gas Consumption"," Total""","""Billion Cubic Feet"""
"""NGTCPUS""","""197812""",2069.0,"""12""","""Natural Gas Consumption"," Total""","""Billion Cubic Feet"""
"""NGTCPUS""","""197901""",2426.0,"""12""","""Natural Gas Consumption"," Total""","""Billion Cubic Feet"""
"""NGTCPUS""","""197902""",2204.0,"""12""","""Natural Gas Consumption"," Total""","""Billion Cubic Feet"""
"""NGTCPUS""","""197903""",1881.0,"""12""","""Natural Gas Consumption"," Total""","""Billion Cubic Feet"""
"""NGTCPUS""","""197904""",1594.0,"""12""","""Natural Gas Consumption"," Total""","""Billion Cubic Feet"""
"""NGTCPUS""","""197905""",1429.0,"""12""","""Natural Gas Consumption"," Total""","""Billion Cubic Feet"""
"""NGTCPUS""","""197906""",1309.0,"""12""","""Natural Gas Consumption"," Total""","""Billion Cubic Feet"""
"""NGTCPUS""","""197907""",1330.0,"""12""","""Natural Gas Consumption"," Total""","""Billion Cubic Feet"""
"""NGTCPUS""","""197908""",1342.0,"""12""","""Natural Gas Consumption"," Total""","""Billion Cubic Feet"""
"""NGTCPUS""","""197909""",1329.0,"""12""","""Natural Gas Consumption"," Total""","""Billion Cubic Feet"""
"""NGTCPUS""","""197910""",1557.0,"""12""","""Natural Gas Consumption"," Total""","""Billion Cubic Feet"""
"""NGTCPUS""","""197911""",1768.0,"""12""","""Natural Gas Consumption"," Total""","""Billion Cubic Feet"""
"""NGTCPUS""","""197912""",2072.0,"""12""","""Natural Gas Consumption"," Total""","""Billion Cubic Feet"""
"""NGTCPUS""","""198001""",2237.743,"""12""","""Natural Gas Consumption"," Total""","""Billion Cubic Feet"""
"""NGTCPUS""","""198002""",2146.771,"""12""","""Natural Gas Consumption"," Total""","""Billion Cubic Feet"""
"""NGTCPUS""","""198003""",2053.945,"""12""","""Natural Gas Consumption"," Total""","""Billion Cubic Feet"""
"""NGTCPUS""","""198004""",1534.606,"""12""","""Natural Gas Consumption"," Total""","""Billion Cubic Feet"""
"""NGTCPUS""","""198005""",1356.886,"""12""","""Natural Gas Consumption"," Total""","""Billion Cubic Feet"""
"""NGTCPUS""","""198006""",1254.894,"""12""","""Natural Gas Consumption"," Total""","""Billion Cubic Feet"""
"""NGTCPUS""","""198007""",1295.339,"""12""","""Natural Gas Consumption"," Total""","""Billion Cubic Feet"""
"""NGTCPUS""","""198008""",1282.343,"""12""","""Natural Gas Consumption"," Total""","""Billion Cubic Feet"""
"""NGTCPUS""","""198009""",1299.286,"""12""","""Natural Gas Consumption"," Total""","""Billion Cubic Feet"""
"""NGTCPUS""","""198010""",1522.266,"""12""","""Natural Gas Consumption"," Total""","""Billion Cubic Feet"""
"""NGTCPUS""","""198011""",1760.559,"""12""","""Natural Gas Consumption"," Total""","""Billion Cubic Feet"""
"""NGTCPUS""","""198012""",2128.957,"""12""","""Natural Gas Consumption"," Total""","""Billion Cubic Feet"""
"""NGTCPUS""","""198101""",2278.606,"""12""","""Natural Gas Consumption"," Total""","""Billion Cubic Feet"""
"""NGTCPUS""","""198102""",1895.003,"""12""","""Natural Gas Consumption"," Total""","""Billion Cubic Feet"""
"""NGTCPUS""","""198103""",1899.431,"""12""","""Natural Gas Consumption"," Total""","""Billion Cubic Feet"""
"""NGTCPUS""","""198104""",1488.053,"""12""","""Natural Gas Consumption"," Total""","""Billion Cubic Feet"""
"""NGTCPUS""","""198105""",1426.31,"""12""","""Natural Gas Consumption"," Total""","""Billion Cubic Feet"""
"""NGTCPUS""","""198106""",1308.775,"""12""","""Natural Gas Consumption"," Total""","""Billion Cubic Feet"""
"""NGTCPUS""","""198107""",1313.666,"""12""","""Natural Gas Consumption"," Total""","""Billion Cubic Feet"""
"""NGTCPUS""","""198108""",1312.564,"""12""","""Natural Gas Consumption"," Total""","""Billion Cubic Feet"""
"""NGTCPUS""","""198109""",1264.828,"""12""","""Natural Gas Consumption"," Total""","""Billion Cubic Feet"""
"""NGTCPUS""","""198110""",1518.67,"""12""","""Natural Gas Consumption"," Total""","""Billion Cubic Feet"""
"""NGTCPUS""","""198111""",1618.811,"""12""","""Natural Gas Consumption"," Total""","""Billion Cubic Feet"""
"""NGTCPUS""","""198112""",2076.436,"""12""","""Natural Gas Consumption"," Total""","""Billion Cubic Feet"""
"""NGTCPUS""","""198201""",2399.675,"""12""","""Natural Gas Consumption"," Total""","""Billion Cubic Feet"""
"""NGTCPUS""","""198202""",1984.032,"""12""","""Natural Gas Consumption"," Total""","""Billion Cubic Feet"""
"""NGTCPUS""","""198203""",1837.55,"""12""","""Natural Gas Consumption"," Total""","""Billion Cubic Feet"""
"""NGTCPUS""","""198204""",1485.344,"""12""","""Natural Gas Consumption"," Total""","""Billion Cubic Feet"""
"""NGTCPUS""","""198205""",1135.848,"""12""","""Natural Gas Consumption"," Total""","""Billion Cubic Feet"""
"""NGTCPUS""","""198206""",1114.557,"""12""","""Natural Gas Consumption"," Total""","""Billion Cubic Feet"""
"""NGTCPUS""","""198207""",1144.818,"""12""","""Natural Gas Consumption"," Total""","""Billion Cubic Feet"""
"""NGTCPUS""","""198208""",1151.351,"""12""","""Natural Gas Consumption"," Total""","""Billion Cubic Feet"""
"""NGTCPUS""","""198209""",1140.232,"""12""","""Natural Gas Consumption"," Total""","""Billion Cubic Feet"""
"""NGTCPUS""","""198210""",1310.003,"""12""","""Natural Gas Consumption"," Total""","""Billion Cubic Feet"""
"""NGTCPUS""","""198211""",1559.477,"""12""","""Natural Gas Consumption"," Total""","""Billion Cubic Feet"""
"""NGTCPUS""","""198212""",1738.63,"""12""","""Natural Gas Consumption"," Total""","""Billion Cubic Feet"""
"""NGTCPUS""","""198301""",2213.214,"""12""","""Natural Gas Consumption"," Total""","""Billion Cubic Feet"""
"""NGTCPUS""","""198302""",1843.29,"""12""","""Natural Gas Consumption"," Total""","""Billion Cubic Feet"""
"""NGTCPUS""","""198303""",1747.152,"""12""","""Natural Gas Consumption"," Total""","""Billion Cubic Feet"""
"""NGTCPUS""","""198304""",1496.541,"""12""","""Natural Gas Consumption"," Total""","""Billion Cubic Feet"""
"""NGTCPUS""","""198305""",1230.706,"""12""","""Natural Gas Consumption"," Total""","""Billion Cubic Feet"""
"""NGTCPUS""","""198306""",1066.512,"""12""","""Natural Gas Consumption"," Total""","""Billion Cubic Feet"""
"""NGTCPUS""","""198307""",1061.975,"""12""","""Natural Gas Consumption"," Total""","""Billion Cubic Feet"""
"""NGTCPUS""","""198308""",1099.67,"""12""","""Natural Gas Consumption"," Total""","""Billion Cubic Feet"""
"""NGTCPUS""","""198309""",1038.264,"""12""","""Natural Gas Consumption"," Total""","""Billion Cubic Feet"""
"""NGTCPUS""","""198310""",1101.002,"""12""","""Natural Gas Consumption"," Total""","""Billion Cubic Feet"""
"""NGTCPUS""","""198311""",1290.257,"""12""","""Natural Gas Consumption"," Total""","""Billion Cubic Feet"""
"""NGTCPUS""","""198312""",1646.329,"""12""","""Natural Gas Consumption"," Total""","""Billion Cubic Feet"""
"""NGTCPUS""","""198401""",2340.098,"""12""","""Natural Gas Consumption"," Total""","""Billion Cubic Feet"""
"""NGTCPUS""","""198402""",1954.809,"""12""","""Natural Gas Consumption"," Total""","""Billion Cubic Feet"""
"""NGTCPUS""","""198403""",1840.305,"""12""","""Natural Gas Consumption"," Total""","""Billion Cubic Feet"""
"""NGTCPUS""","""198404""",1598.622,"""12""","""Natural Gas Consumption"," Total""","""Billion Cubic Feet"""
"""NGTCPUS""","""198405""",1345.87,"""12""","""Natural Gas Consumption"," Total""","""Billion Cubic Feet"""
"""NGTCPUS""","""198406""",1175.392,"""12""","""Natural Gas Consumption"," Total""","""Billion Cubic Feet"""
"""NGTCPUS""","""198407""",1152.304,"""12""","""Natural Gas Consumption"," Total""","""Billion Cubic Feet"""
"""NGTCPUS""","""198408""",1153.879,"""12""","""Natural Gas Consumption"," Total""","""Billion Cubic Feet"""
"""NGTCPUS""","""198409""",1085.049,"""12""","""Natural Gas Consumption"," Total""","""Billion Cubic Feet"""
"""NGTCPUS""","""198410""",1180.176,"""12""","""Natural Gas Consumption"," Total""","""Billion Cubic Feet"""
"""NGTCPUS""","""198411""",1392.366,"""12""","""Natural Gas Consumption"," Total""","""Billion Cubic Feet"""
"""NGTCPUS""","""198412""",1731.657,"""12""","""Natural Gas Consumption"," Total""","""Billion Cubic Feet"""
"""NGTCPUS""","""198501""",2101.708,"""12""","""Natural Gas Consumption"," Total""","""Billion Cubic Feet"""
"""NGTCPUS""","""198502""",2147.152,"""12""","""Natural Gas Consumption"," Total""","""Billion Cubic Feet"""
"""NGTCPUS""","""198503""",1720.244,"""12""","""Natural Gas Consumption"," Total""","""Billion Cubic Feet"""
"""NGTCPUS""","""198504""",1445.883,"""12""","""Natural Gas Consumption"," Total""","""Billion Cubic Feet"""
"""NGTCPUS""","""198505""",1147.342,"""12""","""Natural Gas Consumption"," Total""","""Billion Cubic Feet"""
"""NGTCPUS""","""198506""",1076.486,"""12""","""Natural Gas Consumption"," Total""","""Billion Cubic Feet"""
"""NGTCPUS""","""198507""",1118.766,"""12""","""Natural Gas Consumption"," Total""","""Billion Cubic Feet"""
"""NGTCPUS""","""198508""",1118.153,"""12""","""Natural Gas Consumption"," Total""","""Billion Cubic Feet"""
"""NGTCPUS""","""198509""",1041.132,"""12""","""Natural Gas Consumption"," Total""","""Billion Cubic Feet"""
"""NGTCPUS""","""198510""",1147.302,"""12""","""Natural Gas Consumption"," Total""","""Billion Cubic Feet"""
"""NGTCPUS""","""198511""",1312.844,"""12""","""Natural Gas Consumption"," Total""","""Billion Cubic Feet"""
"""NGTCPUS""","""198512""",1903.931,"""12""","""Natural Gas Consumption"," Total""","""Billion Cubic Feet"""
"""NGTCPUS""","""198601""",2152.685,"""12""","""Natural Gas Consumption"," Total""","""Billion Cubic Feet"""
"""NGTCPUS""","""198602""",1885.053,"""12""","""Natural Gas Consumption"," Total""","""Billion Cubic Feet"""
"""NGTCPUS""","""198603""",1731.49,"""12""","""Natural Gas Consumption"," Total""","""Billion Cubic Feet"""
"""NGTCPUS""","""198604""",1347.833,"""12""","""Natural Gas Consumption"," Total""","""Billion Cubic Feet"""
"""NGTCPUS""","""198605""",1165.392,"""12""","""Natural Gas Consumption"," Total""","""Billion Cubic Feet"""
"""NGTCPUS""","""198606""",1036.177,"""12""","""Natural Gas Consumption"," Total""","""Billion Cubic Feet"""
"""NGTCPUS""","""198607""",1030.964,"""12""","""Natural Gas Consumption"," Total""","""Billion Cubic Feet"""
"""NGTCPUS""","""198608""",994.837,"""12""","""Natural Gas Consumption"," Total""","""Billion Cubic Feet"""
"""NGTCPUS""","""198609""",939.93,"""12""","""Natural Gas Consumption"," Total""","""Billion Cubic Feet"""
"""NGTCPUS""","""198610""",1016.429,"""12""","""Natural Gas Consumption"," Total""","""Billion Cubic Feet"""
"""NGTCPUS""","""198611""",1244.243,"""12""","""Natural Gas Consumption"," Total""","""Billion Cubic Feet"""
"""NGTCPUS""","""198612""",1676.265,"""12""","""Natural Gas Consumption"," Total""","""Billion Cubic Feet"""
"""NGTCPUS""","""198701""",2124.807,"""12""","""Natural Gas Consumption"," Total""","""Billion Cubic Feet"""
"""NGTCPUS""","""198702""",1918.243,"""12""","""Natural Gas Consumption"," Total""","""Billion Cubic Feet"""
"""NGTCPUS""","""198703""",1747.714,"""12""","""Natural Gas Consumption"," Total""","""Billion Cubic Feet"""
"""NGTCPUS""","""198704""",1436.241,"""12""","""Natural Gas Consumption"," Total""","""Billion Cubic Feet"""
"""NGTCPUS""","""198705""",1183.088,"""12""","""Natural Gas Consumption"," Total""","""Billion Cubic Feet"""
"""NGTCPUS""","""198706""",1098.082,"""12""","""Natural Gas Consumption"," Total""","""Billion Cubic Feet"""
"""NGTCPUS""","""198707""",1092.381,"""12""","""Natural Gas Consumption"," Total""","""Billion Cubic Feet"""
"""NGTCPUS""","""198708""",1124.635,"""12""","""Natural Gas Consumption"," Total""","""Billion Cubic Feet"""
"""NGTCPUS""","""198709""",1043.469,"""12""","""Natural Gas Consumption"," Total""","""Billion Cubic Feet"""
"""NGTCPUS""","""198710""",1220.126,"""12""","""Natural Gas Consumption"," Total""","""Billion Cubic Feet"""
"""NGTCPUS""","""198711""",1415.682,"""12""","""Natural Gas Consumption"," Total""","""Billion Cubic Feet"""
"""NGTCPUS""","""198712""",1806.34,"""12""","""Natural Gas Consumption"," Total""","""Billion Cubic Feet"""
"""NGTCPUS""","""198801""",2186.595,"""12""","""Natural Gas Consumption"," Total""","""Billion Cubic Feet"""
"""NGTCPUS""","""198802""",2037.697,"""12""","""Natural Gas Consumption"," Total""","""Billion Cubic Feet"""
"""NGTCPUS""","""198803""",1866.947,"""12""","""Natural Gas Consumption"," Total""","""Billion Cubic Feet"""
"""NGTCPUS""","""198804""",1463.656,"""12""","""Natural Gas Consumption"," Total""","""Billion Cubic Feet"""
"""NGTCPUS""","""198805""",1302.434,"""12""","""Natural Gas Consumption"," Total""","""Billion Cubic Feet"""
"""NGTCPUS""","""198806""",1170.361,"""12""","""Natural Gas Consumption"," Total""","""Billion Cubic Feet"""
"""NGTCPUS""","""198807""",1176.486,"""12""","""Natural Gas Consumption"," Total""","""Billion Cubic Feet"""
"""NGTCPUS""","""198808""",1222.415,"""12""","""Natural Gas Consumption"," Total""","""Billion Cubic Feet"""
"""NGTCPUS""","""198809""",1098.633,"""12""","""Natural Gas Consumption"," Total""","""Billion Cubic Feet"""
"""NGTCPUS""","""198810""",1231.925,"""12""","""Natural Gas Consumption"," Total""","""Billion Cubic Feet"""
"""NGTCPUS""","""198811""",1452.505,"""12""","""Natural Gas Consumption"," Total""","""Billion Cubic Feet"""
"""NGTCPUS""","""198812""",1819.933,"""12""","""Natural Gas Consumption"," Total""","""Billion Cubic Feet"""
"""NGTCPUS""","""198901""",2041.11,"""12""","""Natural Gas Consumption"," Total""","""Billion Cubic Feet"""
"""NGTCPUS""","""198902""",2029.521,"""12""","""Natural Gas Consumption"," Total""","""Billion Cubic Feet"""
"""NGTCPUS""","""198903""",1971.375,"""12""","""Natural Gas Consumption"," Total""","""Billion Cubic Feet"""
"""NGTCPUS""","""198904""",1609.047,"""12""","""Natural Gas Consumption"," Total""","""Billion Cubic Feet"""
"""NGTCPUS""","""198905""",1378.679,"""12""","""Natural Gas Consumption"," Total""","""Billion Cubic Feet"""
"""NGTCPUS""","""198906""",1231.45,"""12""","""Natural Gas Consumption"," Total""","""Billion Cubic Feet"""
"""NGTCPUS""","""198907""",1257.991,"""12""","""Natural Gas Consumption"," Total""","""Billion Cubic Feet"""
"""NGTCPUS""","""198908""",1252.297,"""12""","""Natural Gas Consumption"," Total""","""Billion Cubic Feet"""
"""NGTCPUS""","""198909""",1212.562,"""12""","""Natural Gas Consumption"," Total""","""Billion Cubic Feet"""
"""NGTCPUS""","""198910""",1367.713,"""12""","""Natural Gas Consumption"," Total""","""Billion Cubic Feet"""
"""NGTCPUS""","""198911""",1590.227,"""12""","""Natural Gas Consumption"," Total""","""Billion Cubic Feet"""
"""NGTCPUS""","""198912""",2177.029,"""12""","""Natural Gas Consumption"," Total""","""Billion Cubic Feet"""
"""NGTCPUS""","""199001""",2164.199,"""12""","""Natural Gas Consumption"," Total""","""Billion Cubic Feet"""
"""NGTCPUS""","""199002""",1864.019,"""12""","""Natural Gas Consumption"," Total""","""Billion Cubic Feet"""
"""NGTCPUS""","""199003""",1829.32,"""12""","""Natural Gas Consumption"," Total""","""Billion Cubic Feet"""
"""NGTCPUS""","""199004""",1631.8,"""12""","""Natural Gas Consumption"," Total""","""Billion Cubic Feet"""
"""NGTCPUS""","""199005""",1420.835,"""12""","""Natural Gas Consumption"," Total""","""Billion Cubic Feet"""
"""NGTCPUS""","""199006""",1321.763,"""12""","""Natural Gas Consumption"," Total""","""Billion Cubic Feet"""
"""NGTCPUS""","""199007""",1313.951,"""12""","""Natural Gas Consumption"," Total""","""Billion Cubic Feet"""
"""NGTCPUS""","""199008""",1342.953,"""12""","""Natural Gas Consumption"," Total""","""Billion Cubic Feet"""
"""NGTCPUS""","""199009""",1304.567,"""12""","""Natural Gas Consumption"," Total""","""Billion Cubic Feet"""
"""NGTCPUS""","""199010""",1426.626,"""12""","""Natural Gas Consumption"," Total""","""Billion Cubic Feet"""
"""NGTCPUS""","""199011""",1574.002,"""12""","""Natural Gas Consumption"," Total""","""Billion Cubic Feet"""
"""NGTCPUS""","""199012""",1979.52,"""12""","""Natural Gas Consumption"," Total""","""Billion Cubic Feet"""
"""NGTCPUS""","""199101""",2331.248,"""12""","""Natural Gas Consumption"," Total""","""Billion Cubic Feet"""
"""NGTCPUS""","""199102""",1939.65,"""12""","""Natural Gas Consumption"," Total""","""Billion Cubic Feet"""
"""NGTCPUS""","""199103""",1876.365,"""12""","""Natural Gas Consumption"," Total""","""Billion Cubic Feet"""
"""NGTCPUS""","""199104""",1583.035,"""12""","""Natural Gas Consumption"," Total""","""Billion Cubic Feet"""
"""NGTCPUS""","""199105""",1383.932,"""12""","""Natural Gas Consumption"," Total""","""Billion Cubic Feet"""
"""NGTCPUS""","""199106""",1247.821,"""12""","""Natural Gas Consumption"," Total""","""Billion Cubic Feet"""
"""NGTCPUS""","""199107""",1345.751,"""12""","""Natural Gas Consumption"," Total""","""Billion Cubic Feet"""
"""NGTCPUS""","""199108""",1336.122,"""12""","""Natural Gas Consumption"," Total""","""Billion Cubic Feet"""
"""NGTCPUS""","""199109""",1280.641,"""12""","""Natural Gas Consumption"," Total""","""Billion Cubic Feet"""
"""NGTCPUS""","""199110""",1468.429,"""12""","""Natural Gas Consumption"," Total""","""Billion Cubic Feet"""
"""NGTCPUS""","""199111""",1728.204,"""12""","""Natural Gas Consumption"," Total""","""Billion Cubic Feet"""
"""NGTCPUS""","""199112""",2040.869,"""12""","""Natural Gas Consumption"," Total""","""Billion Cubic Feet"""
"""NGTCPUS""","""199201""",2280.417,"""12""","""Natural Gas Consumption"," Total""","""Billion Cubic Feet"""
"""NGTCPUS""","""199202""",2072.672,"""12""","""Natural Gas Consumption"," Total""","""Billion Cubic Feet"""
"""NGTCPUS""","""199203""",1977.102,"""12""","""Natural Gas Consumption"," Total""","""Billion Cubic Feet"""
"""NGTCPUS""","""199204""",1741.334,"""12""","""Natural Gas Consumption"," Total""","""Billion Cubic Feet"""
"""NGTCPUS""","""199205""",1476.109,"""12""","""Natural Gas Consumption"," Total""","""Billion Cubic Feet"""
"""NGTCPUS""","""199206""",1329.824,"""12""","""Natural Gas Consumption"," Total""","""Billion Cubic Feet"""
"""NGTCPUS""","""199207""",1393.796,"""12""","""Natural Gas Consumption"," Total""","""Billion Cubic Feet"""
"""NGTCPUS""","""199208""",1338.482,"""12""","""Natural Gas Consumption"," Total""","""Billion Cubic Feet"""
"""NGTCPUS""","""199209""",1316.428,"""12""","""Natural Gas Consumption"," Total""","""Billion Cubic Feet"""
"""NGTCPUS""","""199210""",1420.942,"""12""","""Natural Gas Consumption"," Total""","""Billion Cubic Feet"""
"""NGTCPUS""","""199211""",1719.099,"""12""","""Natural Gas Consumption"," Total""","""Billion Cubic Feet"""
"""NGTCPUS""","""199212""",2162.025,"""12""","""Natural Gas Consumption"," Total""","""Billion Cubic Feet"""
"""NGTCPUS""","""199301""",2316.258,"""12""","""Natural Gas Consumption"," Total""","""Billion Cubic Feet"""
"""NGTCPUS""","""199302""",2198.866,"""12""","""Natural Gas Consumption"," Total""","""Billion Cubic Feet"""
"""NGTCPUS""","""199303""",2178.04,"""12""","""Natural Gas Consumption"," Total""","""Billion Cubic Feet"""
"""NGTCPUS""","""199304""",1712.689,"""12""","""Natural Gas Consumption"," Total""","""Billion Cubic Feet"""
"""NGTCPUS""","""199305""",1330.112,"""12""","""Natural Gas Consumption"," Total""","""Billion Cubic Feet"""
"""NGTCPUS""","""199306""",1344.31,"""12""","""Natural Gas Consumption"," Total""","""Billion Cubic Feet"""
"""NGTCPUS""","""199307""",1423.693,"""12""","""Natural Gas Consumption"," Total""","""Billion Cubic Feet"""
"""NGTCPUS""","""199308""",1447.153,"""12""","""Natural Gas Consumption"," Total""","""Billion Cubic Feet"""
"""NGTCPUS""","""199309""",1332.539,"""12""","""Natural Gas Consumption"," Total""","""Billion Cubic Feet"""
"""NGTCPUS""","""199310""",1537.474,"""12""","""Natural Gas Consumption"," Total""","""Billion Cubic Feet"""
"""NGTCPUS""","""199311""",1807.45,"""12""","""Natural Gas Consumption"," Total""","""Billion Cubic Feet"""
"""NGTCPUS""","""199312""",2161.259,"""12""","""Natural Gas Consumption"," Total""","""Billion Cubic Feet"""
"""NGTCPUS""","""199401""",2557.263,"""12""","""Natural Gas Consumption"," Total""","""Billion Cubic Feet"""
"""NGTCPUS""","""199402""",2330.159,"""12""","""Natural Gas Consumption"," Total""","""Billion Cubic Feet"""
"""NGTCPUS""","""199403""",2071.776,"""12""","""Natural Gas Consumption"," Total""","""Billion Cubic Feet"""
"""NGTCPUS""","""199404""",1671.515,"""12""","""Natural Gas Consumption"," Total""","""Billion Cubic Feet"""
"""NGTCPUS""","""199405""",1435.357,"""12""","""Natural Gas Consumption"," Total""","""Billion Cubic Feet"""
"""NGTCPUS""","""199406""",1447.663,"""12""","""Natural Gas Consumption"," Total""","""Billion Cubic Feet"""
"""NGTCPUS""","""199407""",1455.796,"""12""","""Natural Gas Consumption"," Total""","""Billion Cubic Feet"""
"""NGTCPUS""","""199408""",1486.83,"""12""","""Natural Gas Consumption"," Total""","""Billion Cubic Feet"""
"""NGTCPUS""","""199409""",1408.841,"""12""","""Natural Gas Consumption"," Total""","""Billion Cubic Feet"""
"""NGTCPUS""","""199410""",1514.35,"""12""","""Natural Gas Consumption"," Total""","""Billion Cubic Feet"""
"""NGTCPUS""","""199411""",1748.263,"""12""","""Natural Gas Consumption"," Total""","""Billion Cubic Feet"""
"""NGTCPUS""","""199412""",2119.285,"""12""","""Natural Gas Consumption"," Total""","""Billion Cubic Feet"""
"""NGTCPUS""","""199501""",2432.305,"""12""","""Natural Gas Consumption"," Total""","""Billion Cubic Feet"""
"""NGTCPUS""","""199502""",2230.289,"""12""","""Natural Gas Consumption"," Total""","""Billion Cubic Feet"""
"""NGTCPUS""","""199503""",2143.331,"""12""","""Natural Gas Consumption"," Total""","""Billion Cubic Feet"""
"""NGTCPUS""","""199504""",1820.872,"""12""","""Natural Gas Consumption"," Total""","""Billion Cubic Feet"""
"""NGTCPUS""","""199505""",1616.918,"""12""","""Natural Gas Consumption"," Total""","""Billion Cubic Feet"""
"""NGTCPUS""","""199506""",1458.521,"""12""","""Natural Gas Consumption"," Total""","""Billion Cubic Feet"""
"""NGTCPUS""","""199507""",1591.74,"""12""","""Natural Gas Consumption"," Total""","""Billion Cubic Feet"""
"""NGTCPUS""","""199508""",1661.055,"""12""","""Natural Gas Consumption"," Total""","""Billion Cubic Feet"""
"""NGTCPUS""","""199509""",1461.606,"""12""","""Natural Gas Consumption"," Total""","""Billion Cubic Feet"""
"""NGTCPUS""","""199510""",1530.314,"""12""","""Natural Gas Consumption"," Total""","""Billion Cubic Feet"""
"""NGTCPUS""","""199511""",1917.002,"""12""","""Natural Gas Consumption"," Total""","""Billion Cubic Feet"""
"""NGTCPUS""","""199512""",2342.935,"""12""","""Natural Gas Consumption"," Total""","""Billion Cubic Feet"""
"""NGTCPUS""","""199601""",2602.488,"""12""","""Natural Gas Consumption"," Total""","""Billion Cubic Feet"""
"""NGTCPUS""","""199602""",2354.467,"""12""","""Natural Gas Consumption"," Total""","""Billion Cubic Feet"""
"""NGTCPUS""","""199603""",2234.322,"""12""","""Natural Gas Consumption"," Total""","""Billion Cubic Feet"""
"""NGTCPUS""","""199604""",1858.4,"""12""","""Natural Gas Consumption"," Total""","""Billion Cubic Feet"""
"""NGTCPUS""","""199605""",1643.912,"""12""","""Natural Gas Consumption"," Total""","""Billion Cubic Feet"""
"""NGTCPUS""","""199606""",1534.687,"""12""","""Natural Gas Consumption"," Total""","""Billion Cubic Feet"""
"""NGTCPUS""","""199607""",1538.025,"""12""","""Natural Gas Consumption"," Total""","""Billion Cubic Feet"""
"""NGTCPUS""","""199608""",1569.787,"""12""","""Natural Gas Consumption"," Total""","""Billion Cubic Feet"""
"""NGTCPUS""","""199609""",1475.066,"""12""","""Natural Gas Consumption"," Total""","""Billion Cubic Feet"""
"""NGTCPUS""","""199610""",1585.36,"""12""","""Natural Gas Consumption"," Total""","""Billion Cubic Feet"""
"""NGTCPUS""","""199611""",1929.292,"""12""","""Natural Gas Consumption"," Total""","""Billion Cubic Feet"""
"""NGTCPUS""","""199612""",2283.273,"""12""","""Natural Gas Consumption"," Total""","""Billion Cubic Feet"""
"""NGTCPUS""","""199701""",2540.341,"""12""","""Natural Gas Consumption"," Total""","""Billion Cubic Feet"""
"""NGTCPUS""","""199702""",2273.601,"""12""","""Natural Gas Consumption"," Total""","""Billion Cubic Feet"""
"""NGTCPUS""","""199703""",2156.271,"""12""","""Natural Gas Consumption"," Total""","""Billion Cubic Feet"""
"""NGTCPUS""","""199704""",1842.037,"""12""","""Natural Gas Consumption"," Total""","""Billion Cubic Feet"""
"""NGTCPUS""","""199705""",1649.697,"""12""","""Natural Gas Consumption"," Total""","""Billion Cubic Feet"""
"""NGTCPUS""","""199706""",1536.377,"""12""","""Natural Gas Consumption"," Total""","""Billion Cubic Feet"""
"""NGTCPUS""","""199707""",1670.662,"""12""","""Natural Gas Consumption"," Total""","""Billion Cubic Feet"""
"""NGTCPUS""","""199708""",1637.517,"""12""","""Natural Gas Consumption"," Total""","""Billion Cubic Feet"""
"""NGTCPUS""","""199709""",1538.67,"""12""","""Natural Gas Consumption"," Total""","""Billion Cubic Feet"""
"""NGTCPUS""","""199710""",1598.128,"""12""","""Natural Gas Consumption"," Total""","""Billion Cubic Feet"""
"""NGTCPUS""","""199711""",1930.741,"""12""","""Natural Gas Consumption"," Total""","""Billion Cubic Feet"""
"""NGTCPUS""","""199712""",2363.301,"""12""","""Natural Gas Consumption"," Total""","""Billion Cubic Feet"""
"""NGTCPUS""","""199801""",2442.638,"""12""","""Natural Gas Consumption"," Total""","""Billion Cubic Feet"""
"""NGTCPUS""","""199802""",2140.021,"""12""","""Natural Gas Consumption"," Total""","""Billion Cubic Feet"""
"""NGTCPUS""","""199803""",2174.634,"""12""","""Natural Gas Consumption"," Total""","""Billion Cubic Feet"""
"""NGTCPUS""","""199804""",1757.746,"""12""","""Natural Gas Consumption"," Total""","""Billion Cubic Feet"""
"""NGTCPUS""","""199805""",1592.53,"""12""","""Natural Gas Consumption"," Total""","""Billion Cubic Feet"""
"""NGTCPUS""","""199806""",1587.735,"""12""","""Natural Gas Consumption"," Total""","""Billion Cubic Feet"""
"""NGTCPUS""","""199807""",1723.562,"""12""","""Natural Gas Consumption"," Total""","""Billion Cubic Feet"""
"""NGTCPUS""","""199808""",1736.622,"""12""","""Natural Gas Consumption"," Total""","""Billion Cubic Feet"""
"""NGTCPUS""","""199809""",1595.438,"""12""","""Natural Gas Consumption"," Total""","""Billion Cubic Feet"""
"""NGTCPUS""","""199810""",1553.721,"""12""","""Natural Gas Consumption"," Total""","""Billion Cubic Feet"""
"""NGTCPUS""","""199811""",1763.28,"""12""","""Natural Gas Consumption"," Total""","""Billion Cubic Feet"""
"""NGTCPUS""","""199812""",2178.028,"""12""","""Natural Gas Consumption"," Total""","""Billion Cubic Feet"""
"""NGTCPUS""","""199901""",2553.096,"""12""","""Natural Gas Consumption"," Total""","""Billion Cubic Feet"""
"""NGTCPUS""","""199902""",2142.809,"""12""","""Natural Gas Consumption"," Total""","""Billion Cubic Feet"""
"""NGTCPUS""","""199903""",2208.633,"""12""","""Natural Gas Consumption"," Total""","""Billion Cubic Feet"""
"""NGTCPUS""","""199904""",1855.922,"""12""","""Natural Gas Consumption"," Total""","""Billion Cubic Feet"""
"""NGTCPUS""","""199905""",1584.757,"""12""","""Natural Gas Consumption"," Total""","""Billion Cubic Feet"""
"""NGTCPUS""","""199906""",1530.294,"""12""","""Natural Gas Consumption"," Total""","""Billion Cubic Feet"""
"""NGTCPUS""","""199907""",1686.365,"""12""","""Natural Gas Consumption"," Total""","""Billion Cubic Feet"""
"""NGTCPUS""","""199908""",1724.321,"""12""","""Natural Gas Consumption"," Total""","""Billion Cubic Feet"""
"""NGTCPUS""","""199909""",1530.672,"""12""","""Natural Gas Consumption"," Total""","""Billion Cubic Feet"""
"""NGTCPUS""","""199910""",1629.38,"""12""","""Natural Gas Consumption"," Total""","""Billion Cubic Feet"""
"""NGTCPUS""","""199911""",1733.113,"""12""","""Natural Gas Consumption"," Total""","""Billion Cubic Feet"""
"""NGTCPUS""","""199912""",2225.788,"""12""","""Natural Gas Consumption"," Total""","""Billion Cubic Feet"""
"""NGTCPUS""","""200001""",2532.443,"""12""","""Natural Gas Consumption"," Total""","""Billion Cubic Feet"""
"""NGTCPUS""","""200002""",2340.654,"""12""","""Natural Gas Consumption"," Total""","""Billion Cubic Feet"""
"""NGTCPUS""","""200003""",2085.459,"""12""","""Natural Gas Consumption"," Total""","""Billion Cubic Feet"""
"""NGTCPUS""","""200004""",1827.336,"""12""","""Natural Gas Consumption"," Total""","""Billion Cubic Feet"""
"""NGTCPUS""","""200005""",1736.144,"""12""","""Natural Gas Consumption"," Total""","""Billion Cubic Feet"""
"""NGTCPUS""","""200006""",1615.904,"""12""","""Natural Gas Consumption"," Total""","""Billion Cubic Feet"""
"""NGTCPUS""","""200007""",1671.158,"""12""","""Natural Gas Consumption"," Total""","""Billion Cubic Feet"""
"""NGTCPUS""","""200008""",1813.262,"""12""","""Natural Gas Consumption"," Total""","""Billion Cubic Feet"""
"""NGTCPUS""","""200009""",1563.151,"""12""","""Natural Gas Consumption"," Total""","""Billion Cubic Feet"""
"""NGTCPUS""","""200010""",1610.054,"""12""","""Natural Gas Consumption"," Total""","""Billion Cubic Feet"""
"""NGTCPUS""","""200011""",1928.879,"""12""","""Natural Gas Consumption"," Total""","""Billion Cubic Feet"""
"""NGTCPUS""","""200012""",2608.675,"""12""","""Natural Gas Consumption"," Total""","""Billion Cubic Feet"""
"""NGTCPUS""","""200101""",2676.998,"""12""","""Natural Gas Consumption"," Total""","""Billion Cubic Feet"""
"""NGTCPUS""","""200102""",2309.464,"""12""","""Natural Gas Consumption"," Total""","""Billion Cubic Feet"""
"""NGTCPUS""","""200103""",2246.633,"""12""","""Natural Gas Consumption"," Total""","""Billion Cubic Feet"""
"""NGTCPUS""","""200104""",1807.17,"""12""","""Natural Gas Consumption"," Total""","""Billion Cubic Feet"""
"""NGTCPUS""","""200105""",1522.382,"""12""","""Natural Gas Consumption"," Total""","""Billion Cubic Feet"""
"""NGTCPUS""","""200106""",1444.378,"""12""","""Natural Gas Consumption"," Total""","""Billion Cubic Feet"""
"""NGTCPUS""","""200107""",1598.071,"""12""","""Natural Gas Consumption"," Total""","""Billion Cubic Feet"""
"""NGTCPUS""","""200108""",1669.178,"""12""","""Natural Gas Consumption"," Total""","""Billion Cubic Feet"""
"""NGTCPUS""","""200109""",1494.128,"""12""","""Natural Gas Consumption"," Total""","""Billion Cubic Feet"""
"""NGTCPUS""","""200110""",1649.073,"""12""","""Natural Gas Consumption"," Total""","""Billion Cubic Feet"""
"""NGTCPUS""","""200111""",1700.95,"""12""","""Natural Gas Consumption"," Total""","""Billion Cubic Feet"""
"""NGTCPUS""","""200112""",2120.198,"""12""","""Natural Gas Consumption"," Total""","""Billion Cubic Feet"""
"""NGTCPUS""","""200201""",2487.638,"""12""","""Natural Gas Consumption"," Total""","""Billion Cubic Feet"""
"""NGTCPUS""","""200202""",2242.427,"""12""","""Natural Gas Consumption"," Total""","""Billion Cubic Feet"""
"""NGTCPUS""","""200203""",2258.431,"""12""","""Natural Gas Consumption"," Total""","""Billion Cubic Feet"""
"""NGTCPUS""","""200204""",1880.985,"""12""","""Natural Gas Consumption"," Total""","""Billion Cubic Feet"""
"""NGTCPUS""","""200205""",1611.453,"""12""","""Natural Gas Consumption"," Total""","""Billion Cubic Feet"""
"""NGTCPUS""","""200206""",1591.373,"""12""","""Natural Gas Consumption"," Total""","""Billion Cubic Feet"""
"""NGTCPUS""","""200207""",1748.435,"""12""","""Natural Gas Consumption"," Total""","""Billion Cubic Feet"""
"""NGTCPUS""","""200208""",1725.712,"""12""","""Natural Gas Consumption"," Total""","""Billion Cubic Feet"""
"""NGTCPUS""","""200209""",1542.17,"""12""","""Natural Gas Consumption"," Total""","""Billion Cubic Feet"""
"""NGTCPUS""","""200210""",1645.873,"""12""","""Natural Gas Consumption"," Total""","""Billion Cubic Feet"""
"""NGTCPUS""","""200211""",1913.629,"""12""","""Natural Gas Consumption"," Total""","""Billion Cubic Feet"""
"""NGTCPUS""","""200212""",2378.895,"""12""","""Natural Gas Consumption"," Total""","""Billion Cubic Feet"""
"""NGTCPUS""","""200301""",2700.545,"""12""","""Natural Gas Consumption"," Total""","""Billion Cubic Feet"""
"""NGTCPUS""","""200302""",2500.315,"""12""","""Natural Gas Consumption"," Total""","""Billion Cubic Feet"""
"""NGTCPUS""","""200303""",2197.936,"""12""","""Natural Gas Consumption"," Total""","""Billion Cubic Feet"""
"""NGTCPUS""","""200304""",1743.53,"""12""","""Natural Gas Consumption"," Total""","""Billion Cubic Feet"""
"""NGTCPUS""","""200305""",1514.697,"""12""","""Natural Gas Consumption"," Total""","""Billion Cubic Feet"""
"""NGTCPUS""","""200306""",1368.369,"""12""","""Natural Gas Consumption"," Total""","""Billion Cubic Feet"""
"""NGTCPUS""","""200307""",1600.484,"""12""","""Natural Gas Consumption"," Total""","""Billion Cubic Feet"""
"""NGTCPUS""","""200308""",1651.58,"""12""","""Natural Gas Consumption"," Total""","""Billion Cubic Feet"""
"""NGTCPUS""","""200309""",1428.554,"""12""","""Natural Gas Consumption"," Total""","""Billion Cubic Feet"""
"""NGTCPUS""","""200310""",1553.189,"""12""","""Natural Gas Consumption"," Total""","""Billion Cubic Feet"""
"""NGTCPUS""","""200311""",1753.642,"""12""","""Natural Gas Consumption"," Total""","""Billion Cubic Feet"""
"""NGTCPUS""","""200312""",2263.659,"""12""","""Natural Gas Consumption"," Total""","""Billion Cubic Feet"""
"""NGTCPUS""","""200401""",2675.834,"""12""","""Natural Gas Consumption"," Total""","""Billion Cubic Feet"""
"""NGTCPUS""","""200402""",2511.097,"""12""","""Natural Gas Consumption"," Total""","""Billion Cubic Feet"""
"""NGTCPUS""","""200403""",2100.921,"""12""","""Natural Gas Consumption"," Total""","""Billion Cubic Feet"""
"""NGTCPUS""","""200404""",1745.171,"""12""","""Natural Gas Consumption"," Total""","""Billion Cubic Feet"""
"""NGTCPUS""","""200405""",1573.043,"""12""","""Natural Gas Consumption"," Total""","""Billion Cubic Feet"""
"""NGTCPUS""","""200406""",1483.684,"""12""","""Natural Gas Consumption"," Total""","""Billion Cubic Feet"""
"""NGTCPUS""","""200407""",1584.933,"""12""","""Natural Gas Consumption"," Total""","""Billion Cubic Feet"""
"""NGTCPUS""","""200408""",1577.962,"""12""","""Natural Gas Consumption"," Total""","""Billion Cubic Feet"""
"""NGTCPUS""","""200409""",1482.15,"""12""","""Natural Gas Consumption"," Total""","""Billion Cubic Feet"""
"""NGTCPUS""","""200410""",1557.224,"""12""","""Natural Gas Consumption"," Total""","""Billion Cubic Feet"""
"""NGTCPUS""","""200411""",1782.796,"""12""","""Natural Gas Consumption"," Total""","""Billion Cubic Feet"""
"""NGTCPUS""","""200412""",2327.73,"""12""","""Natural Gas Consumption"," Total""","""Billion Cubic Feet"""
"""NGTCPUS""","""200501""",2561.858,"""12""","""Natural Gas Consumption"," Total""","""Billion Cubic Feet"""
"""NGTCPUS""","""200502""",2242.986,"""12""","""Natural Gas Consumption"," Total""","""Billion Cubic Feet"""
"""NGTCPUS""","""200503""",2205.787,"""12""","""Natural Gas Consumption"," Total""","""Billion Cubic Feet"""
"""NGTCPUS""","""200504""",1724.877,"""12""","""Natural Gas Consumption"," Total""","""Billion Cubic Feet"""
"""NGTCPUS""","""200505""",1522.613,"""12""","""Natural Gas Consumption"," Total""","""Billion Cubic Feet"""
"""NGTCPUS""","""200506""",1534.122,"""12""","""Natural Gas Consumption"," Total""","""Billion Cubic Feet"""
"""NGTCPUS""","""200507""",1686.609,"""12""","""Natural Gas Consumption"," Total""","""Billion Cubic Feet"""
"""NGTCPUS""","""200508""",1695.102,"""12""","""Natural Gas Consumption"," Total""","""Billion Cubic Feet"""
"""NGTCPUS""","""200509""",1422.495,"""12""","""Natural Gas Consumption"," Total""","""Billion Cubic Feet"""
"""NGTCPUS""","""200510""",1428.227,"""12""","""Natural Gas Consumption"," Total""","""Billion Cubic Feet"""
"""NGTCPUS""","""200511""",1663.4,"""12""","""Natural Gas Consumption"," Total""","""Billion Cubic Feet"""
"""NGTCPUS""","""200512""",2326.36,"""12""","""Natural Gas Consumption"," Total""","""Billion Cubic Feet"""
"""NGTCPUS""","""200601""",2165.268,"""12""","""Natural Gas Consumption"," Total""","""Billion Cubic Feet"""
"""NGTCPUS""","""200602""",2144.378,"""12""","""Natural Gas Consumption"," Total""","""Billion Cubic Feet"""
"""NGTCPUS""","""200603""",2126.369,"""12""","""Natural Gas Consumption"," Total""","""Billion Cubic Feet"""
"""NGTCPUS""","""200604""",1681.005,"""12""","""Natural Gas Consumption"," Total""","""Billion Cubic Feet"""
"""NGTCPUS""","""200605""",1526.297,"""12""","""Natural Gas Consumption"," Total""","""Billion Cubic Feet"""
"""NGTCPUS""","""200606""",1550.879,"""12""","""Natural Gas Consumption"," Total""","""Billion Cubic Feet"""
"""NGTCPUS""","""200607""",1758.733,"""12""","""Natural Gas Consumption"," Total""","""Billion Cubic Feet"""
"""NGTCPUS""","""200608""",1751.683,"""12""","""Natural Gas Consumption"," Total""","""Billion Cubic Feet"""
"""NGTCPUS""","""200609""",1462.07,"""12""","""Natural Gas Consumption"," Total""","""Billion Cubic Feet"""
"""NGTCPUS""","""200610""",1644.231,"""12""","""Natural Gas Consumption"," Total""","""Billion Cubic Feet"""
"""NGTCPUS""","""200611""",1765.375,"""12""","""Natural Gas Consumption"," Total""","""Billion Cubic Feet"""
"""NGTCPUS""","""200612""",2122.784,"""12""","""Natural Gas Consumption"," Total""","""Billion Cubic Feet"""
"""NGTCPUS""","""200701""",2474.725,"""12""","""Natural Gas Consumption"," Total""","""Billion Cubic Feet"""
"""NGTCPUS""","""200702""",2565.953,"""12""","""Natural Gas Consumption"," Total""","""Billion Cubic Feet"""
"""NGTCPUS""","""200703""",2128.33,"""12""","""Natural Gas Consumption"," Total""","""Billion Cubic Feet"""
"""NGTCPUS""","""200704""",1809.783,"""12""","""Natural Gas Consumption"," Total""","""Billion Cubic Feet"""
"""NGTCPUS""","""200705""",1560.369,"""12""","""Natural Gas Consumption"," Total""","""Billion Cubic Feet"""
"""NGTCPUS""","""200706""",1555.757,"""12""","""Natural Gas Consumption"," Total""","""Billion Cubic Feet"""
"""NGTCPUS""","""200707""",1660.814,"""12""","""Natural Gas Consumption"," Total""","""Billion Cubic Feet"""
"""NGTCPUS""","""200708""",1896.674,"""12""","""Natural Gas Consumption"," Total""","""Billion Cubic Feet"""
"""NGTCPUS""","""200709""",1590.656,"""12""","""Natural Gas Consumption"," Total""","""Billion Cubic Feet"""
"""NGTCPUS""","""200710""",1627.602,"""12""","""Natural Gas Consumption"," Total""","""Billion Cubic Feet"""
"""NGTCPUS""","""200711""",1834.266,"""12""","""Natural Gas Consumption"," Total""","""Billion Cubic Feet"""
"""NGTCPUS""","""200712""",2398.862,"""12""","""Natural Gas Consumption"," Total""","""Billion Cubic Feet"""
"""NGTCPUS""","""200801""",2733.59,"""12""","""Natural Gas Consumption"," Total""","""Billion Cubic Feet"""
"""NGTCPUS""","""200802""",2502.724,"""12""","""Natural Gas Consumption"," Total""","""Billion Cubic Feet"""
"""NGTCPUS""","""200803""",2277.698,"""12""","""Natural Gas Consumption"," Total""","""Billion Cubic Feet"""
"""NGTCPUS""","""200804""",1823.885,"""12""","""Natural Gas Consumption"," Total""","""Billion Cubic Feet"""
"""NGTCPUS""","""200805""",1577.395,"""12""","""Natural Gas Consumption"," Total""","""Billion Cubic Feet"""
"""NGTCPUS""","""200806""",1604.908,"""12""","""Natural Gas Consumption"," Total""","""Billion Cubic Feet"""
"""NGTCPUS""","""200807""",1710.14,"""12""","""Natural Gas Consumption"," Total""","""Billion Cubic Feet"""
"""NGTCPUS""","""200808""",1683.74,"""12""","""Natural Gas Consumption"," Total""","""Billion Cubic Feet"""
"""NGTCPUS""","""200809""",1460.035,"""12""","""Natural Gas Consumption"," Total""","""Billion Cubic Feet"""
"""NGTCPUS""","""200810""",1635.044,"""12""","""Natural Gas Consumption"," Total""","""Billion Cubic Feet"""
"""NGTCPUS""","""200811""",1868.435,"""12""","""Natural Gas Consumption"," Total""","""Billion Cubic Feet"""
"""NGTCPUS""","""200812""",2399.413,"""12""","""Natural Gas Consumption"," Total""","""Billion Cubic Feet"""
"""NGTCPUS""","""200901""",2729.697,"""12""","""Natural Gas Consumption"," Total""","""Billion Cubic Feet"""
"""NGTCPUS""","""200902""",2331.768,"""12""","""Natural Gas Consumption"," Total""","""Billion Cubic Feet"""
"""NGTCPUS""","""200903""",2170.514,"""12""","""Natural Gas Consumption"," Total""","""Billion Cubic Feet"""
"""NGTCPUS""","""200904""",1741.243,"""12""","""Natural Gas Consumption"," Total""","""Billion Cubic Feet"""
"""NGTCPUS""","""200905""",1504.992,"""12""","""Natural Gas Consumption"," Total""","""Billion Cubic Feet"""
"""NGTCPUS""","""200906""",1528.41,"""12""","""Natural Gas Consumption"," Total""","""Billion Cubic Feet"""
"""NGTCPUS""","""200907""",1659.05,"""12""","""Natural Gas Consumption"," Total""","""Billion Cubic Feet"""
"""NGTCPUS""","""200908""",1737.335,"""12""","""Natural Gas Consumption"," Total""","""Billion Cubic Feet"""
"""NGTCPUS""","""200909""",1574.901,"""12""","""Natural Gas Consumption"," Total""","""Billion Cubic Feet"""
"""NGTCPUS""","""200910""",1666.078,"""12""","""Natural Gas Consumption"," Total""","""Billion Cubic Feet"""
"""NGTCPUS""","""200911""",1775.166,"""12""","""Natural Gas Consumption"," Total""","""Billion Cubic Feet"""
"""NGTCPUS""","""200912""",2490.925,"""12""","""Natural Gas Consumption"," Total""","""Billion Cubic Feet"""
"""NGTCPUS""","""201001""",2809.788,"""12""","""Natural Gas Consumption"," Total""","""Billion Cubic Feet"""
"""NGTCPUS""","""201002""",2480.95,"""12""","""Natural Gas Consumption"," Total""","""Billion Cubic Feet"""
"""NGTCPUS""","""201003""",2142.925,"""12""","""Natural Gas Consumption"," Total""","""Billion Cubic Feet"""
"""NGTCPUS""","""201004""",1691.813,"""12""","""Natural Gas Consumption"," Total""","""Billion Cubic Feet"""
"""NGTCPUS""","""201005""",1617.274,"""12""","""Natural Gas Consumption"," Total""","""Billion Cubic Feet"""
"""NGTCPUS""","""201006""",1649.515,"""12""","""Natural Gas Consumption"," Total""","""Billion Cubic Feet"""
"""NGTCPUS""","""201007""",1825.828,"""12""","""Natural Gas Consumption"," Total""","""Billion Cubic Feet"""
"""NGTCPUS""","""201008""",1878.926,"""12""","""Natural Gas Consumption"," Total""","""Billion Cubic Feet"""
"""NGTCPUS""","""201009""",1637.491,"""12""","""Natural Gas Consumption"," Total""","""Billion Cubic Feet"""
"""NGTCPUS""","""201010""",1664.938,"""12""","""Natural Gas Consumption"," Total""","""Billion Cubic Feet"""
"""NGTCPUS""","""201011""",1973.294,"""12""","""Natural Gas Consumption"," Total""","""Billion Cubic Feet"""
"""NGTCPUS""","""201012""",2714.054,"""12""","""Natural Gas Consumption"," Total""","""Billion Cubic Feet"""
"""NGTCPUS""","""201101""",2888.64,"""12""","""Natural Gas Consumption"," Total""","""Billion Cubic Feet"""
"""NGTCPUS""","""201102""",2452.403,"""12""","""Natural Gas Consumption"," Total""","""Billion Cubic Feet"""
"""NGTCPUS""","""201103""",2230.493,"""12""","""Natural Gas Consumption"," Total""","""Billion Cubic Feet"""
"""NGTCPUS""","""201104""",1825.023,"""12""","""Natural Gas Consumption"," Total""","""Billion Cubic Feet"""
"""NGTCPUS""","""201105""",1667.396,"""12""","""Natural Gas Consumption"," Total""","""Billion Cubic Feet"""
"""NGTCPUS""","""201106""",1657.334,"""12""","""Natural Gas Consumption"," Total""","""Billion Cubic Feet"""
"""NGTCPUS""","""201107""",1890.515,"""12""","""Natural Gas Consumption"," Total""","""Billion Cubic Feet"""
"""NGTCPUS""","""201108""",1891.783,"""12""","""Natural Gas Consumption"," Total""","""Billion Cubic Feet"""
"""NGTCPUS""","""201109""",1655.634,"""12""","""Natural Gas Consumption"," Total""","""Billion Cubic Feet"""
"""NGTCPUS""","""201110""",1744.454,"""12""","""Natural Gas Consumption"," Total""","""Billion Cubic Feet"""
"""NGTCPUS""","""201111""",2031.872,"""12""","""Natural Gas Consumption"," Total""","""Billion Cubic Feet"""
"""NGTCPUS""","""201112""",2541.878,"""12""","""Natural Gas Consumption"," Total""","""Billion Cubic Feet"""
"""NGTCPUS""","""201201""",2756.18,"""12""","""Natural Gas Consumption"," Total""","""Billion Cubic Feet"""
"""NGTCPUS""","""201202""",2500.654,"""12""","""Natural Gas Consumption"," Total""","""Billion Cubic Feet"""
"""NGTCPUS""","""201203""",2127.761,"""12""","""Natural Gas Consumption"," Total""","""Billion Cubic Feet"""
"""NGTCPUS""","""201204""",1953.071,"""12""","""Natural Gas Consumption"," Total""","""Billion Cubic Feet"""
"""NGTCPUS""","""201205""",1873.835,"""12""","""Natural Gas Consumption"," Total""","""Billion Cubic Feet"""
"""NGTCPUS""","""201206""",1868.356,"""12""","""Natural Gas Consumption"," Total""","""Billion Cubic Feet"""
"""NGTCPUS""","""201207""",2069.773,"""12""","""Natural Gas Consumption"," Total""","""Billion Cubic Feet"""
"""NGTCPUS""","""201208""",2008.815,"""12""","""Natural Gas Consumption"," Total""","""Billion Cubic Feet"""
"""NGTCPUS""","""201209""",1807.208,"""12""","""Natural Gas Consumption"," Total""","""Billion Cubic Feet"""
"""NGTCPUS""","""201210""",1901.084,"""12""","""Natural Gas Consumption"," Total""","""Billion Cubic Feet"""
"""NGTCPUS""","""201211""",2167.841,"""12""","""Natural Gas Consumption"," Total""","""Billion Cubic Feet"""
"""NGTCPUS""","""201212""",2503.907,"""12""","""Natural Gas Consumption"," Total""","""Billion Cubic Feet"""
"""NGTCPUS""","""201301""",2878.785,"""12""","""Natural Gas Consumption"," Total""","""Billion Cubic Feet"""
"""NGTCPUS""","""201302""",2567.155,"""12""","""Natural Gas Consumption"," Total""","""Billion Cubic Feet"""
"""NGTCPUS""","""201303""",2521.108,"""12""","""Natural Gas Consumption"," Total""","""Billion Cubic Feet"""
"""NGTCPUS""","""201304""",1967.458,"""12""","""Natural Gas Consumption"," Total""","""Billion Cubic Feet"""
"""NGTCPUS""","""201305""",1752.469,"""12""","""Natural Gas Consumption"," Total""","""Billion Cubic Feet"""
"""NGTCPUS""","""201306""",1742.917,"""12""","""Natural Gas Consumption"," Total""","""Billion Cubic Feet"""
"""NGTCPUS""","""201307""",1926.33,"""12""","""Natural Gas Consumption"," Total""","""Billion Cubic Feet"""
"""NGTCPUS""","""201308""",1927.379,"""12""","""Natural Gas Consumption"," Total""","""Billion Cubic Feet"""
"""NGTCPUS""","""201309""",1766.973,"""12""","""Natural Gas Consumption"," Total""","""Billion Cubic Feet"""
"""NGTCPUS""","""201310""",1866.762,"""12""","""Natural Gas Consumption"," Total""","""Billion Cubic Feet"""
"""NGTCPUS""","""201311""",2316.909,"""12""","""Natural Gas Consumption"," Total""","""Billion Cubic Feet"""
"""NGTCPUS""","""201312""",2920.826,"""12""","""Natural Gas Consumption"," Total""","""Billion Cubic Feet"""
"""NGTCPUS""","""201401""",3204.129,"""12""","""Natural Gas Consumption"," Total""","""Billion Cubic Feet"""
"""NGTCPUS""","""201402""",2741.24,"""12""","""Natural Gas Consumption"," Total""","""Billion Cubic Feet"""
"""NGTCPUS""","""201403""",2557.89,"""12""","""Natural Gas Consumption"," Total""","""Billion Cubic Feet"""
"""NGTCPUS""","""201404""",1961.678,"""12""","""Natural Gas Consumption"," Total""","""Billion Cubic Feet"""
"""NGTCPUS""","""201405""",1810.222,"""12""","""Natural Gas Consumption"," Total""","""Billion Cubic Feet"""
"""NGTCPUS""","""201406""",1745.351,"""12""","""Natural Gas Consumption"," Total""","""Billion Cubic Feet"""
"""NGTCPUS""","""201407""",1881.017,"""12""","""Natural Gas Consumption"," Total""","""Billion Cubic Feet"""
"""NGTCPUS""","""201408""",1933.061,"""12""","""Natural Gas Consumption"," Total""","""Billion Cubic Feet"""
"""NGTCPUS""","""201409""",1809.291,"""12""","""Natural Gas Consumption"," Total""","""Billion Cubic Feet"""
"""NGTCPUS""","""201410""",1912.81,"""12""","""Natural Gas Consumption"," Total""","""Billion Cubic Feet"""
"""NGTCPUS""","""201411""",2357.521,"""12""","""Natural Gas Consumption"," Total""","""Billion Cubic Feet"""
"""NGTCPUS""","""201412""",2679.165,"""12""","""Natural Gas Consumption"," Total""","""Billion Cubic Feet"""
"""NGTCPUS""","""201501""",3114.982,"""12""","""Natural Gas Consumption"," Total""","""Billion Cubic Feet"""
"""NGTCPUS""","""201502""",2925.172,"""12""","""Natural Gas Consumption"," Total""","""Billion Cubic Feet"""
"""NGTCPUS""","""201503""",2591.329,"""12""","""Natural Gas Consumption"," Total""","""Billion Cubic Feet"""
"""NGTCPUS""","""201504""",2007.922,"""12""","""Natural Gas Consumption"," Total""","""Billion Cubic Feet"""
"""NGTCPUS""","""201505""",1858.149,"""12""","""Natural Gas Consumption"," Total""","""Billion Cubic Feet"""
"""NGTCPUS""","""201506""",1899.906,"""12""","""Natural Gas Consumption"," Total""","""Billion Cubic Feet"""
"""NGTCPUS""","""201507""",2067.714,"""12""","""Natural Gas Consumption"," Total""","""Billion Cubic Feet"""
"""NGTCPUS""","""201508""",2052.728,"""12""","""Natural Gas Consumption"," Total""","""Billion Cubic Feet"""
"""NGTCPUS""","""201509""",1901.337,"""12""","""Natural Gas Consumption"," Total""","""Billion Cubic Feet"""
"""NGTCPUS""","""201510""",1987.31,"""12""","""Natural Gas Consumption"," Total""","""Billion Cubic Feet"""
"""NGTCPUS""","""201511""",2249.14,"""12""","""Natural Gas Consumption"," Total""","""Billion Cubic Feet"""
"""NGTCPUS""","""201512""",2588.168,"""12""","""Natural Gas Consumption"," Total""","""Billion Cubic Feet"""
"""NGTCPUS""","""201601""",3091.695,"""12""","""Natural Gas Consumption"," Total""","""Billion Cubic Feet"""
"""NGTCPUS""","""201602""",2652.26,"""12""","""Natural Gas Consumption"," Total""","""Billion Cubic Feet"""
"""NGTCPUS""","""201603""",2356.298,"""12""","""Natural Gas Consumption"," Total""","""Billion Cubic Feet"""
"""NGTCPUS""","""201604""",2083.848,"""12""","""Natural Gas Consumption"," Total""","""Billion Cubic Feet"""
"""NGTCPUS""","""201605""",1965.799,"""12""","""Natural Gas Consumption"," Total""","""Billion Cubic Feet"""
"""NGTCPUS""","""201606""",2000.656,"""12""","""Natural Gas Consumption"," Total""","""Billion Cubic Feet"""
"""NGTCPUS""","""201607""",2186.616,"""12""","""Natural Gas Consumption"," Total""","""Billion Cubic Feet"""
"""NGTCPUS""","""201608""",2208.375,"""12""","""Natural Gas Consumption"," Total""","""Billion Cubic Feet"""
"""NGTCPUS""","""201609""",1947.752,"""12""","""Natural Gas Consumption"," Total""","""Billion Cubic Feet"""
"""NGTCPUS""","""201610""",1925.203,"""12""","""Natural Gas Consumption"," Total""","""Billion Cubic Feet"""
"""NGTCPUS""","""201611""",2159.445,"""12""","""Natural Gas Consumption"," Total""","""Billion Cubic Feet"""
"""NGTCPUS""","""201612""",2866.273,"""12""","""Natural Gas Consumption"," Total""","""Billion Cubic Feet"""
"""NGTCPUS""","""201701""",2914.837,"""12""","""Natural Gas Consumption"," Total""","""Billion Cubic Feet"""
"""NGTCPUS""","""201702""",2341.078,"""12""","""Natural Gas Consumption"," Total""","""Billion Cubic Feet"""
"""NGTCPUS""","""201703""",2524.263,"""12""","""Natural Gas Consumption"," Total""","""Billion Cubic Feet"""
"""NGTCPUS""","""201704""",1932.745,"""12""","""Natural Gas Consumption"," Total""","""Billion Cubic Feet"""
"""NGTCPUS""","""201705""",1892.286,"""12""","""Natural Gas Consumption"," Total""","""Billion Cubic Feet"""
"""NGTCPUS""","""201706""",1910.408,"""12""","""Natural Gas Consumption"," Total""","""Billion Cubic Feet"""
"""NGTCPUS""","""201707""",2141.879,"""12""","""Natural Gas Consumption"," Total""","""Billion Cubic Feet"""
"""NGTCPUS""","""201708""",2094.234,"""12""","""Natural Gas Consumption"," Total""","""Billion Cubic Feet"""
"""NGTCPUS""","""201709""",1920.233,"""12""","""Natural Gas Consumption"," Total""","""Billion Cubic Feet"""
"""NGTCPUS""","""201710""",2031.694,"""12""","""Natural Gas Consumption"," Total""","""Billion Cubic Feet"""
"""NGTCPUS""","""201711""",2357.822,"""12""","""Natural Gas Consumption"," Total""","""Billion Cubic Feet"""
"""NGTCPUS""","""201712""",3084.415,"""12""","""Natural Gas Consumption"," Total""","""Billion Cubic Feet"""
"""NGTCPUS""","""201801""",3341.44,"""12""","""Natural Gas Consumption"," Total""","""Billion Cubic Feet"""
"""NGTCPUS""","""201802""",2711.241,"""12""","""Natural Gas Consumption"," Total""","""Billion Cubic Feet"""
"""NGTCPUS""","""201803""",2797.818,"""12""","""Natural Gas Consumption"," Total""","""Billion Cubic Feet"""
"""NGTCPUS""","""201804""",2351.509,"""12""","""Natural Gas Consumption"," Total""","""Billion Cubic Feet"""
"""NGTCPUS""","""201805""",2056.106,"""12""","""Natural Gas Consumption"," Total""","""Billion Cubic Feet"""
"""NGTCPUS""","""201806""",2064.26,"""12""","""Natural Gas Consumption"," Total""","""Billion Cubic Feet"""
"""NGTCPUS""","""201807""",2352.215,"""12""","""Natural Gas Consumption"," Total""","""Billion Cubic Feet"""
"""NGTCPUS""","""201808""",2315.335,"""12""","""Natural Gas Consumption"," Total""","""Billion Cubic Feet"""
"""NGTCPUS""","""201809""",2157.215,"""12""","""Natural Gas Consumption"," Total""","""Billion Cubic Feet"""
"""NGTCPUS""","""201810""",2286.013,"""12""","""Natural Gas Consumption"," Total""","""Billion Cubic Feet"""
"""NGTCPUS""","""201811""",2716.229,"""12""","""Natural Gas Consumption"," Total""","""Billion Cubic Feet"""
"""NGTCPUS""","""201812""",2999.923,"""12""","""Natural Gas Consumption"," Total""","""Billion Cubic Feet"""
"""NGTCPUS""","""201901""",3425.044,"""12""","""Natural Gas Consumption"," Total""","""Billion Cubic Feet"""
"""NGTCPUS""","""201902""",3020.076,"""12""","""Natural Gas Consumption"," Total""","""Billion Cubic Feet"""
"""NGTCPUS""","""201903""",2928.525,"""12""","""Natural Gas Consumption"," Total""","""Billion Cubic Feet"""
"""NGTCPUS""","""201904""",2213.498,"""12""","""Natural Gas Consumption"," Total""","""Billion Cubic Feet"""
"""NGTCPUS""","""201905""",2135.137,"""12""","""Natural Gas Consumption"," Total""","""Billion Cubic Feet"""
"""NGTCPUS""","""201906""",2120.269,"""12""","""Natural Gas Consumption"," Total""","""Billion Cubic Feet"""
"""NGTCPUS""","""201907""",2395.18,"""12""","""Natural Gas Consumption"," Total""","""Billion Cubic Feet"""
"""NGTCPUS""","""201908""",2435.169,"""12""","""Natural Gas Consumption"," Total""","""Billion Cubic Feet"""
"""NGTCPUS""","""201909""",2207.12,"""12""","""Natural Gas Consumption"," Total""","""Billion Cubic Feet"""
"""NGTCPUS""","""201910""",2307.468,"""12""","""Natural Gas Consumption"," Total""","""Billion Cubic Feet"""
"""NGTCPUS""","""201911""",2784.228,"""12""","""Natural Gas Consumption"," Total""","""Billion Cubic Feet"""
"""NGTCPUS""","""201912""",3171.583,"""12""","""Natural Gas Consumption"," Total""","""Billion Cubic Feet"""
"""NGTCPUS""","""202001""",3320.552,"""12""","""Natural Gas Consumption"," Total""","""Billion Cubic Feet"""
"""NGTCPUS""","""202002""",3058.519,"""12""","""Natural Gas Consumption"," Total""","""Billion Cubic Feet"""
"""NGTCPUS""","""202003""",2721.99,"""12""","""Natural Gas Consumption"," Total""","""Billion Cubic Feet"""
"""NGTCPUS""","""202004""",2256.849,"""12""","""Natural Gas Consumption"," Total""","""Billion Cubic Feet"""
"""NGTCPUS""","""202005""",2072.161,"""12""","""Natural Gas Consumption"," Total""","""Billion Cubic Feet"""
"""NGTCPUS""","""202006""",2127.914,"""12""","""Natural Gas Consumption"," Total""","""Billion Cubic Feet"""
"""NGTCPUS""","""202007""",2464.089,"""12""","""Natural Gas Consumption"," Total""","""Billion Cubic Feet"""
"""NGTCPUS""","""202008""",2399.535,"""12""","""Natural Gas Consumption"," Total""","""Billion Cubic Feet"""
"""NGTCPUS""","""202009""",2151.18,"""12""","""Natural Gas Consumption"," Total""","""Billion Cubic Feet"""
"""NGTCPUS""","""202010""",2315.892,"""12""","""Natural Gas Consumption"," Total""","""Billion Cubic Feet"""
"""NGTCPUS""","""202011""",2441.945,"""12""","""Natural Gas Consumption"," Total""","""Billion Cubic Feet"""
"""NGTCPUS""","""202012""",3182.826,"""12""","""Natural Gas Consumption"," Total""","""Billion Cubic Feet"""
"""NGTCPUS""","""202101""",3336.075,"""12""","""Natural Gas Consumption"," Total""","""Billion Cubic Feet"""
"""NGTCPUS""","""202102""",3096.808,"""12""","""Natural Gas Consumption"," Total""","""Billion Cubic Feet"""
"""NGTCPUS""","""202103""",2639.046,"""12""","""Natural Gas Consumption"," Total""","""Billion Cubic Feet"""
"""NGTCPUS""","""202104""",2270.737,"""12""","""Natural Gas Consumption"," Total""","""Billion Cubic Feet"""
"""NGTCPUS""","""202105""",2115.059,"""12""","""Natural Gas Consumption"," Total""","""Billion Cubic Feet"""
"""NGTCPUS""","""202106""",2240.571,"""12""","""Natural Gas Consumption"," Total""","""Billion Cubic Feet"""
"""NGTCPUS""","""202107""",2415.6,"""12""","""Natural Gas Consumption"," Total""","""Billion Cubic Feet"""
"""NGTCPUS""","""202108""",2435.6,"""12""","""Natural Gas Consumption"," Total""","""Billion Cubic Feet"""
"""NGTCPUS""","""202109""",2135.648,"""12""","""Natural Gas Consumption"," Total""","""Billion Cubic Feet"""
"""NGTCPUS""","""202110""",2258.209,"""12""","""Natural Gas Consumption"," Total""","""Billion Cubic Feet"""
"""NGTCPUS""","""202111""",2680.171,"""12""","""Natural Gas Consumption"," Total""","""Billion Cubic Feet"""
"""NGTCPUS""","""202112""",3001.161,"""12""","""Natural Gas Consumption"," Total""","""Billion Cubic Feet"""
"""NGTCPUS""","""202201""",3591.691,"""12""","""Natural Gas Consumption"," Total""","""Billion Cubic Feet"""
"""NGTCPUS""","""202202""",3061.123,"""12""","""Natural Gas Consumption"," Total""","""Billion Cubic Feet"""
"""NGTCPUS""","""202203""",2781.491,"""12""","""Natural Gas Consumption"," Total""","""Billion Cubic Feet"""
"""NGTCPUS""","""202204""",2367.455,"""12""","""Natural Gas Consumption"," Total""","""Billion Cubic Feet"""
"""NGTCPUS""","""202205""",2242.38,"""12""","""Natural Gas Consumption"," Total""","""Billion Cubic Feet"""
"""NGTCPUS""","""202206""",2317.957,"""12""","""Natural Gas Consumption"," Total""","""Billion Cubic Feet"""
"""NGTCPUS""","""202207""",2582.948,"""12""","""Natural Gas Consumption"," Total""","""Billion Cubic Feet"""
"""NGTCPUS""","""202208""",2559.494,"""12""","""Natural Gas Consumption"," Total""","""Billion Cubic Feet"""
"""NGTCPUS""","""202209""",2288.491,"""12""","""Natural Gas Consumption"," Total""","""Billion Cubic Feet"""
"""NGTCPUS""","""202210""",2366.092,"""12""","""Natural Gas Consumption"," Total""","""Billion Cubic Feet"""
"""NGTCPUS""","""202211""",2774.152,"""12""","""Natural Gas Consumption"," Total""","""Billion Cubic Feet"""
"""NGTCPUS""","""202212""",3385.161,"""12""","""Natural Gas Consumption"," Total""","""Billion Cubic Feet"""
