MSN,YYYYMM,Value,Column_Order,Description,Unit
"""PACCPUS""","""197301""",1329.395,"""11""","""Total Petroleum Consumed by the Commercial Sector""","""Thousand Barrels per Day"""
"""PACCPUS""","""197302""",1267.475,"""11""","""Total Petroleum Consumed by the Commercial Sector""","""Thousand Barrels per Day"""
"""PACCPUS""","""197303""",908.735,"""11""","""Total Petroleum Consumed by the Commercial Sector""","""Thousand Barrels per Day"""
"""PACCPUS""","""197304""",692.351,"""11""","""Total Petroleum Consumed by the Commercial Sector""","""Thousand Barrels per Day"""
"""PACCPUS""","""197305""",579.239,"""11""","""Total Petroleum Consumed by the Commercial Sector""","""Thousand Barrels per Day"""
"""PACCPUS""","""197306""",468.062,"""11""","""Total Petroleum Consumed by the Commercial Sector""","""Thousand Barrels per Day"""
"""PACCPUS""","""197307""",442.258,"""11""","""Total Petroleum Consumed by the Commercial Sector""","""Thousand Barrels per Day"""
"""PACCPUS""","""197308""",492.467,"""11""","""Total Petroleum Consumed by the Commercial Sector""","""Thousand Barrels per Day"""
"""PACCPUS""","""197309""",523.403,"""11""","""Total Petroleum Consumed by the Commercial Sector""","""Thousand Barrels per Day"""
"""PACCPUS""","""197310""",677.83,"""11""","""Total Petroleum Consumed by the Commercial Sector""","""Thousand Barrels per Day"""
"""PACCPUS""","""197311""",882.523,"""11""","""Total Petroleum Consumed by the Commercial Sector""","""Thousand Barrels per Day"""
"""PACCPUS""","""197312""",1054.794,"""11""","""Total Petroleum Consumed by the Commercial Sector""","""Thousand Barrels per Day"""
"""PACCPUS""","""197401""",1079.888,"""11""","""Total Petroleum Consumed by the Commercial Sector""","""Thousand Barrels per Day"""
"""PACCPUS""","""197402""",1077.846,"""11""","""Total Petroleum Consumed by the Commercial Sector""","""Thousand Barrels per Day"""
"""PACCPUS""","""197403""",820.555,"""11""","""Total Petroleum Consumed by the Commercial Sector""","""Thousand Barrels per Day"""
"""PACCPUS""","""197404""",664.602,"""11""","""Total Petroleum Consumed by the Commercial Sector""","""Thousand Barrels per Day"""
"""PACCPUS""","""197405""",493.852,"""11""","""Total Petroleum Consumed by the Commercial Sector""","""Thousand Barrels per Day"""
"""PACCPUS""","""197406""",434.405,"""11""","""Total Petroleum Consumed by the Commercial Sector""","""Thousand Barrels per Day"""
"""PACCPUS""","""197407""",421.395,"""11""","""Total Petroleum Consumed by the Commercial Sector""","""Thousand Barrels per Day"""
"""PACCPUS""","""197408""",424.506,"""11""","""Total Petroleum Consumed by the Commercial Sector""","""Thousand Barrels per Day"""
"""PACCPUS""","""197409""",526.737,"""11""","""Total Petroleum Consumed by the Commercial Sector""","""Thousand Barrels per Day"""
"""PACCPUS""","""197410""",671.891,"""11""","""Total Petroleum Consumed by the Commercial Sector""","""Thousand Barrels per Day"""
"""PACCPUS""","""197411""",779.131,"""11""","""Total Petroleum Consumed by the Commercial Sector""","""Thousand Barrels per Day"""
"""PACCPUS""","""197412""",1077.963,"""11""","""Total Petroleum Consumed by the Commercial Sector""","""Thousand Barrels per Day"""
"""PACCPUS""","""197501""",973.283,"""11""","""Total Petroleum Consumed by the Commercial Sector""","""Thousand Barrels per Day"""
"""PACCPUS""","""197502""",978.477,"""11""","""Total Petroleum Consumed by the Commercial Sector""","""Thousand Barrels per Day"""
"""PACCPUS""","""197503""",776.288,"""11""","""Total Petroleum Consumed by the Commercial Sector""","""Thousand Barrels per Day"""
"""PACCPUS""","""197504""",689.304,"""11""","""Total Petroleum Consumed by the Commercial Sector""","""Thousand Barrels per Day"""
"""PACCPUS""","""197505""",484.954,"""11""","""Total Petroleum Consumed by the Commercial Sector""","""Thousand Barrels per Day"""
"""PACCPUS""","""197506""",442.013,"""11""","""Total Petroleum Consumed by the Commercial Sector""","""Thousand Barrels per Day"""
"""PACCPUS""","""197507""",391.788,"""11""","""Total Petroleum Consumed by the Commercial Sector""","""Thousand Barrels per Day"""
"""PACCPUS""","""197508""",420.036,"""11""","""Total Petroleum Consumed by the Commercial Sector""","""Thousand Barrels per Day"""
"""PACCPUS""","""197509""",503.641,"""11""","""Total Petroleum Consumed by the Commercial Sector""","""Thousand Barrels per Day"""
"""PACCPUS""","""197510""",558.434,"""11""","""Total Petroleum Consumed by the Commercial Sector""","""Thousand Barrels per Day"""
"""PACCPUS""","""197511""",642.045,"""11""","""Total Petroleum Consumed by the Commercial Sector""","""Thousand Barrels per Day"""
"""PACCPUS""","""197512""",994.807,"""11""","""Total Petroleum Consumed by the Commercial Sector""","""Thousand Barrels per Day"""
"""PACCPUS""","""197601""",1157.904,"""11""","""Total Petroleum Consumed by the Commercial Sector""","""Thousand Barrels per Day"""
"""PACCPUS""","""197602""",987.691,"""11""","""Total Petroleum Consumed by the Commercial Sector""","""Thousand Barrels per Day"""
"""PACCPUS""","""197603""",807.898,"""11""","""Total Petroleum Consumed by the Commercial Sector""","""Thousand Barrels per Day"""
"""PACCPUS""","""197604""",594.392,"""11""","""Total Petroleum Consumed by the Commercial Sector""","""Thousand Barrels per Day"""
"""PACCPUS""","""197605""",531.096,"""11""","""Total Petroleum Consumed by the Commercial Sector""","""Thousand Barrels per Day"""
"""PACCPUS""","""197606""",500.266,"""11""","""Total Petroleum Consumed by the Commercial Sector""","""Thousand Barrels per Day"""
"""PACCPUS""","""197607""",426.723,"""11""","""Total Petroleum Consumed by the Commercial Sector""","""Thousand Barrels per Day"""
"""PACCPUS""","""197608""",430.533,"""11""","""Total Petroleum Consumed by the Commercial Sector""","""Thousand Barrels per Day"""
"""PACCPUS""","""197609""",489.018,"""11""","""Total Petroleum Consumed by the Commercial Sector""","""Thousand Barrels per Day"""
"""PACCPUS""","""197610""",605.64,"""11""","""Total Petroleum Consumed by the Commercial Sector""","""Thousand Barrels per Day"""
"""PACCPUS""","""197611""",942.756,"""11""","""Total Petroleum Consumed by the Commercial Sector""","""Thousand Barrels per Day"""
"""PACCPUS""","""197612""",1201.006,"""11""","""Total Petroleum Consumed by the Commercial Sector""","""Thousand Barrels per Day"""
"""PACCPUS""","""197701""",1447.252,"""11""","""Total Petroleum Consumed by the Commercial Sector""","""Thousand Barrels per Day"""
"""PACCPUS""","""197702""",1236.801,"""11""","""Total Petroleum Consumed by the Commercial Sector""","""Thousand Barrels per Day"""
"""PACCPUS""","""197703""",793.592,"""11""","""Total Petroleum Consumed by the Commercial Sector""","""Thousand Barrels per Day"""
"""PACCPUS""","""197704""",604.335,"""11""","""Total Petroleum Consumed by the Commercial Sector""","""Thousand Barrels per Day"""
"""PACCPUS""","""197705""",555.513,"""11""","""Total Petroleum Consumed by the Commercial Sector""","""Thousand Barrels per Day"""
"""PACCPUS""","""197706""",505.076,"""11""","""Total Petroleum Consumed by the Commercial Sector""","""Thousand Barrels per Day"""
"""PACCPUS""","""197707""",453.445,"""11""","""Total Petroleum Consumed by the Commercial Sector""","""Thousand Barrels per Day"""
"""PACCPUS""","""197708""",479.281,"""11""","""Total Petroleum Consumed by the Commercial Sector""","""Thousand Barrels per Day"""
"""PACCPUS""","""197709""",523.305,"""11""","""Total Petroleum Consumed by the Commercial Sector""","""Thousand Barrels per Day"""
"""PACCPUS""","""197710""",638.577,"""11""","""Total Petroleum Consumed by the Commercial Sector""","""Thousand Barrels per Day"""
"""PACCPUS""","""197711""",719.794,"""11""","""Total Petroleum Consumed by the Commercial Sector""","""Thousand Barrels per Day"""
"""PACCPUS""","""197712""",1049.29,"""11""","""Total Petroleum Consumed by the Commercial Sector""","""Thousand Barrels per Day"""
"""PACCPUS""","""197801""",1021.008,"""11""","""Total Petroleum Consumed by the Commercial Sector""","""Thousand Barrels per Day"""
"""PACCPUS""","""197802""",1098.922,"""11""","""Total Petroleum Consumed by the Commercial Sector""","""Thousand Barrels per Day"""
"""PACCPUS""","""197803""",904.082,"""11""","""Total Petroleum Consumed by the Commercial Sector""","""Thousand Barrels per Day"""
"""PACCPUS""","""197804""",573.187,"""11""","""Total Petroleum Consumed by the Commercial Sector""","""Thousand Barrels per Day"""
"""PACCPUS""","""197805""",573.289,"""11""","""Total Petroleum Consumed by the Commercial Sector""","""Thousand Barrels per Day"""
"""PACCPUS""","""197806""",513.757,"""11""","""Total Petroleum Consumed by the Commercial Sector""","""Thousand Barrels per Day"""
"""PACCPUS""","""197807""",453.581,"""11""","""Total Petroleum Consumed by the Commercial Sector""","""Thousand Barrels per Day"""
"""PACCPUS""","""197808""",550.993,"""11""","""Total Petroleum Consumed by the Commercial Sector""","""Thousand Barrels per Day"""
"""PACCPUS""","""197809""",564.471,"""11""","""Total Petroleum Consumed by the Commercial Sector""","""Thousand Barrels per Day"""
"""PACCPUS""","""197810""",667.214,"""11""","""Total Petroleum Consumed by the Commercial Sector""","""Thousand Barrels per Day"""
"""PACCPUS""","""197811""",772.883,"""11""","""Total Petroleum Consumed by the Commercial Sector""","""Thousand Barrels per Day"""
"""PACCPUS""","""197812""",974.789,"""11""","""Total Petroleum Consumed by the Commercial Sector""","""Thousand Barrels per Day"""
"""PACCPUS""","""197901""",1068.504,"""11""","""Total Petroleum Consumed by the Commercial Sector""","""Thousand Barrels per Day"""
"""PACCPUS""","""197902""",1115.477,"""11""","""Total Petroleum Consumed by the Commercial Sector""","""Thousand Barrels per Day"""
"""PACCPUS""","""197903""",764.849,"""11""","""Total Petroleum Consumed by the Commercial Sector""","""Thousand Barrels per Day"""
"""PACCPUS""","""197904""",578.504,"""11""","""Total Petroleum Consumed by the Commercial Sector""","""Thousand Barrels per Day"""
"""PACCPUS""","""197905""",502.956,"""11""","""Total Petroleum Consumed by the Commercial Sector""","""Thousand Barrels per Day"""
"""PACCPUS""","""197906""",445.032,"""11""","""Total Petroleum Consumed by the Commercial Sector""","""Thousand Barrels per Day"""
"""PACCPUS""","""197907""",417.331,"""11""","""Total Petroleum Consumed by the Commercial Sector""","""Thousand Barrels per Day"""
"""PACCPUS""","""197908""",462.035,"""11""","""Total Petroleum Consumed by the Commercial Sector""","""Thousand Barrels per Day"""
"""PACCPUS""","""197909""",481.367,"""11""","""Total Petroleum Consumed by the Commercial Sector""","""Thousand Barrels per Day"""
"""PACCPUS""","""197910""",579.31,"""11""","""Total Petroleum Consumed by the Commercial Sector""","""Thousand Barrels per Day"""
"""PACCPUS""","""197911""",675.473,"""11""","""Total Petroleum Consumed by the Commercial Sector""","""Thousand Barrels per Day"""
"""PACCPUS""","""197912""",798.626,"""11""","""Total Petroleum Consumed by the Commercial Sector""","""Thousand Barrels per Day"""
"""PACCPUS""","""198001""",1019.31,"""11""","""Total Petroleum Consumed by the Commercial Sector""","""Thousand Barrels per Day"""
"""PACCPUS""","""198002""",932.149,"""11""","""Total Petroleum Consumed by the Commercial Sector""","""Thousand Barrels per Day"""
"""PACCPUS""","""198003""",680.403,"""11""","""Total Petroleum Consumed by the Commercial Sector""","""Thousand Barrels per Day"""
"""PACCPUS""","""198004""",493.092,"""11""","""Total Petroleum Consumed by the Commercial Sector""","""Thousand Barrels per Day"""
"""PACCPUS""","""198005""",477.118,"""11""","""Total Petroleum Consumed by the Commercial Sector""","""Thousand Barrels per Day"""
"""PACCPUS""","""198006""",447.629,"""11""","""Total Petroleum Consumed by the Commercial Sector""","""Thousand Barrels per Day"""
"""PACCPUS""","""198007""",373.036,"""11""","""Total Petroleum Consumed by the Commercial Sector""","""Thousand Barrels per Day"""
"""PACCPUS""","""198008""",356.462,"""11""","""Total Petroleum Consumed by the Commercial Sector""","""Thousand Barrels per Day"""
"""PACCPUS""","""198009""",444.898,"""11""","""Total Petroleum Consumed by the Commercial Sector""","""Thousand Barrels per Day"""
"""PACCPUS""","""198010""",616.957,"""11""","""Total Petroleum Consumed by the Commercial Sector""","""Thousand Barrels per Day"""
"""PACCPUS""","""198011""",746.014,"""11""","""Total Petroleum Consumed by the Commercial Sector""","""Thousand Barrels per Day"""
"""PACCPUS""","""198012""",935.751,"""11""","""Total Petroleum Consumed by the Commercial Sector""","""Thousand Barrels per Day"""
"""PACCPUS""","""198101""",1046.399,"""11""","""Total Petroleum Consumed by the Commercial Sector""","""Thousand Barrels per Day"""
"""PACCPUS""","""198102""",777.918,"""11""","""Total Petroleum Consumed by the Commercial Sector""","""Thousand Barrels per Day"""
"""PACCPUS""","""198103""",497.98,"""11""","""Total Petroleum Consumed by the Commercial Sector""","""Thousand Barrels per Day"""
"""PACCPUS""","""198104""",376.164,"""11""","""Total Petroleum Consumed by the Commercial Sector""","""Thousand Barrels per Day"""
"""PACCPUS""","""198105""",377.512,"""11""","""Total Petroleum Consumed by the Commercial Sector""","""Thousand Barrels per Day"""
"""PACCPUS""","""198106""",364.511,"""11""","""Total Petroleum Consumed by the Commercial Sector""","""Thousand Barrels per Day"""
"""PACCPUS""","""198107""",332.794,"""11""","""Total Petroleum Consumed by the Commercial Sector""","""Thousand Barrels per Day"""
"""PACCPUS""","""198108""",361.14,"""11""","""Total Petroleum Consumed by the Commercial Sector""","""Thousand Barrels per Day"""
"""PACCPUS""","""198109""",372.961,"""11""","""Total Petroleum Consumed by the Commercial Sector""","""Thousand Barrels per Day"""
"""PACCPUS""","""198110""",590.762,"""11""","""Total Petroleum Consumed by the Commercial Sector""","""Thousand Barrels per Day"""
"""PACCPUS""","""198111""",642.258,"""11""","""Total Petroleum Consumed by the Commercial Sector""","""Thousand Barrels per Day"""
"""PACCPUS""","""198112""",748.744,"""11""","""Total Petroleum Consumed by the Commercial Sector""","""Thousand Barrels per Day"""
"""PACCPUS""","""198201""",731.634,"""11""","""Total Petroleum Consumed by the Commercial Sector""","""Thousand Barrels per Day"""
"""PACCPUS""","""198202""",616.304,"""11""","""Total Petroleum Consumed by the Commercial Sector""","""Thousand Barrels per Day"""
"""PACCPUS""","""198203""",608.85,"""11""","""Total Petroleum Consumed by the Commercial Sector""","""Thousand Barrels per Day"""
"""PACCPUS""","""198204""",607.618,"""11""","""Total Petroleum Consumed by the Commercial Sector""","""Thousand Barrels per Day"""
"""PACCPUS""","""198205""",427.66,"""11""","""Total Petroleum Consumed by the Commercial Sector""","""Thousand Barrels per Day"""
"""PACCPUS""","""198206""",357.507,"""11""","""Total Petroleum Consumed by the Commercial Sector""","""Thousand Barrels per Day"""
"""PACCPUS""","""198207""",281.885,"""11""","""Total Petroleum Consumed by the Commercial Sector""","""Thousand Barrels per Day"""
"""PACCPUS""","""198208""",318.451,"""11""","""Total Petroleum Consumed by the Commercial Sector""","""Thousand Barrels per Day"""
"""PACCPUS""","""198209""",475.576,"""11""","""Total Petroleum Consumed by the Commercial Sector""","""Thousand Barrels per Day"""
"""PACCPUS""","""198210""",478.181,"""11""","""Total Petroleum Consumed by the Commercial Sector""","""Thousand Barrels per Day"""
"""PACCPUS""","""198211""",429.282,"""11""","""Total Petroleum Consumed by the Commercial Sector""","""Thousand Barrels per Day"""
"""PACCPUS""","""198212""",658.512,"""11""","""Total Petroleum Consumed by the Commercial Sector""","""Thousand Barrels per Day"""
"""PACCPUS""","""198301""",777.259,"""11""","""Total Petroleum Consumed by the Commercial Sector""","""Thousand Barrels per Day"""
"""PACCPUS""","""198302""",711.965,"""11""","""Total Petroleum Consumed by the Commercial Sector""","""Thousand Barrels per Day"""
"""PACCPUS""","""198303""",681.516,"""11""","""Total Petroleum Consumed by the Commercial Sector""","""Thousand Barrels per Day"""
"""PACCPUS""","""198304""",616.319,"""11""","""Total Petroleum Consumed by the Commercial Sector""","""Thousand Barrels per Day"""
"""PACCPUS""","""198305""",427.716,"""11""","""Total Petroleum Consumed by the Commercial Sector""","""Thousand Barrels per Day"""
"""PACCPUS""","""198306""",447.491,"""11""","""Total Petroleum Consumed by the Commercial Sector""","""Thousand Barrels per Day"""
"""PACCPUS""","""198307""",407.397,"""11""","""Total Petroleum Consumed by the Commercial Sector""","""Thousand Barrels per Day"""
"""PACCPUS""","""198308""",459.117,"""11""","""Total Petroleum Consumed by the Commercial Sector""","""Thousand Barrels per Day"""
"""PACCPUS""","""198309""",437.309,"""11""","""Total Petroleum Consumed by the Commercial Sector""","""Thousand Barrels per Day"""
"""PACCPUS""","""198310""",481.362,"""11""","""Total Petroleum Consumed by the Commercial Sector""","""Thousand Barrels per Day"""
"""PACCPUS""","""198311""",604.731,"""11""","""Total Petroleum Consumed by the Commercial Sector""","""Thousand Barrels per Day"""
"""PACCPUS""","""198312""",834.518,"""11""","""Total Petroleum Consumed by the Commercial Sector""","""Thousand Barrels per Day"""
"""PACCPUS""","""198401""",923.368,"""11""","""Total Petroleum Consumed by the Commercial Sector""","""Thousand Barrels per Day"""
"""PACCPUS""","""198402""",678.508,"""11""","""Total Petroleum Consumed by the Commercial Sector""","""Thousand Barrels per Day"""
"""PACCPUS""","""198403""",754.443,"""11""","""Total Petroleum Consumed by the Commercial Sector""","""Thousand Barrels per Day"""
"""PACCPUS""","""198404""",572.836,"""11""","""Total Petroleum Consumed by the Commercial Sector""","""Thousand Barrels per Day"""
"""PACCPUS""","""198405""",499.989,"""11""","""Total Petroleum Consumed by the Commercial Sector""","""Thousand Barrels per Day"""
"""PACCPUS""","""198406""",433.798,"""11""","""Total Petroleum Consumed by the Commercial Sector""","""Thousand Barrels per Day"""
"""PACCPUS""","""198407""",418.347,"""11""","""Total Petroleum Consumed by the Commercial Sector""","""Thousand Barrels per Day"""
"""PACCPUS""","""198408""",478.434,"""11""","""Total Petroleum Consumed by the Commercial Sector""","""Thousand Barrels per Day"""
"""PACCPUS""","""198409""",498.319,"""11""","""Total Petroleum Consumed by the Commercial Sector""","""Thousand Barrels per Day"""
"""PACCPUS""","""198410""",503.572,"""11""","""Total Petroleum Consumed by the Commercial Sector""","""Thousand Barrels per Day"""
"""PACCPUS""","""198411""",629.879,"""11""","""Total Petroleum Consumed by the Commercial Sector""","""Thousand Barrels per Day"""
"""PACCPUS""","""198412""",717.456,"""11""","""Total Petroleum Consumed by the Commercial Sector""","""Thousand Barrels per Day"""
"""PACCPUS""","""198501""",728.19,"""11""","""Total Petroleum Consumed by the Commercial Sector""","""Thousand Barrels per Day"""
"""PACCPUS""","""198502""",727.725,"""11""","""Total Petroleum Consumed by the Commercial Sector""","""Thousand Barrels per Day"""
"""PACCPUS""","""198503""",584.455,"""11""","""Total Petroleum Consumed by the Commercial Sector""","""Thousand Barrels per Day"""
"""PACCPUS""","""198504""",458.688,"""11""","""Total Petroleum Consumed by the Commercial Sector""","""Thousand Barrels per Day"""
"""PACCPUS""","""198505""",402.99,"""11""","""Total Petroleum Consumed by the Commercial Sector""","""Thousand Barrels per Day"""
"""PACCPUS""","""198506""",383.329,"""11""","""Total Petroleum Consumed by the Commercial Sector""","""Thousand Barrels per Day"""
"""PACCPUS""","""198507""",381.24,"""11""","""Total Petroleum Consumed by the Commercial Sector""","""Thousand Barrels per Day"""
"""PACCPUS""","""198508""",417.595,"""11""","""Total Petroleum Consumed by the Commercial Sector""","""Thousand Barrels per Day"""
"""PACCPUS""","""198509""",431.406,"""11""","""Total Petroleum Consumed by the Commercial Sector""","""Thousand Barrels per Day"""
"""PACCPUS""","""198510""",507.007,"""11""","""Total Petroleum Consumed by the Commercial Sector""","""Thousand Barrels per Day"""
"""PACCPUS""","""198511""",579.208,"""11""","""Total Petroleum Consumed by the Commercial Sector""","""Thousand Barrels per Day"""
"""PACCPUS""","""198512""",767.142,"""11""","""Total Petroleum Consumed by the Commercial Sector""","""Thousand Barrels per Day"""
"""PACCPUS""","""198601""",807.324,"""11""","""Total Petroleum Consumed by the Commercial Sector""","""Thousand Barrels per Day"""
"""PACCPUS""","""198602""",816.14,"""11""","""Total Petroleum Consumed by the Commercial Sector""","""Thousand Barrels per Day"""
"""PACCPUS""","""198603""",670.195,"""11""","""Total Petroleum Consumed by the Commercial Sector""","""Thousand Barrels per Day"""
"""PACCPUS""","""198604""",522.514,"""11""","""Total Petroleum Consumed by the Commercial Sector""","""Thousand Barrels per Day"""
"""PACCPUS""","""198605""",475.85,"""11""","""Total Petroleum Consumed by the Commercial Sector""","""Thousand Barrels per Day"""
"""PACCPUS""","""198606""",415.177,"""11""","""Total Petroleum Consumed by the Commercial Sector""","""Thousand Barrels per Day"""
"""PACCPUS""","""198607""",422.195,"""11""","""Total Petroleum Consumed by the Commercial Sector""","""Thousand Barrels per Day"""
"""PACCPUS""","""198608""",456.194,"""11""","""Total Petroleum Consumed by the Commercial Sector""","""Thousand Barrels per Day"""
"""PACCPUS""","""198609""",446.068,"""11""","""Total Petroleum Consumed by the Commercial Sector""","""Thousand Barrels per Day"""
"""PACCPUS""","""198610""",535.385,"""11""","""Total Petroleum Consumed by the Commercial Sector""","""Thousand Barrels per Day"""
"""PACCPUS""","""198611""",555.86,"""11""","""Total Petroleum Consumed by the Commercial Sector""","""Thousand Barrels per Day"""
"""PACCPUS""","""198612""",677.215,"""11""","""Total Petroleum Consumed by the Commercial Sector""","""Thousand Barrels per Day"""
"""PACCPUS""","""198701""",707.686,"""11""","""Total Petroleum Consumed by the Commercial Sector""","""Thousand Barrels per Day"""
"""PACCPUS""","""198702""",675.507,"""11""","""Total Petroleum Consumed by the Commercial Sector""","""Thousand Barrels per Day"""
"""PACCPUS""","""198703""",636.083,"""11""","""Total Petroleum Consumed by the Commercial Sector""","""Thousand Barrels per Day"""
"""PACCPUS""","""198704""",510.644,"""11""","""Total Petroleum Consumed by the Commercial Sector""","""Thousand Barrels per Day"""
"""PACCPUS""","""198705""",451.035,"""11""","""Total Petroleum Consumed by the Commercial Sector""","""Thousand Barrels per Day"""
"""PACCPUS""","""198706""",438.092,"""11""","""Total Petroleum Consumed by the Commercial Sector""","""Thousand Barrels per Day"""
"""PACCPUS""","""198707""",437.205,"""11""","""Total Petroleum Consumed by the Commercial Sector""","""Thousand Barrels per Day"""
"""PACCPUS""","""198708""",412.647,"""11""","""Total Petroleum Consumed by the Commercial Sector""","""Thousand Barrels per Day"""
"""PACCPUS""","""198709""",477.122,"""11""","""Total Petroleum Consumed by the Commercial Sector""","""Thousand Barrels per Day"""
"""PACCPUS""","""198710""",585.918,"""11""","""Total Petroleum Consumed by the Commercial Sector""","""Thousand Barrels per Day"""
"""PACCPUS""","""198711""",606.534,"""11""","""Total Petroleum Consumed by the Commercial Sector""","""Thousand Barrels per Day"""
"""PACCPUS""","""198712""",714.138,"""11""","""Total Petroleum Consumed by the Commercial Sector""","""Thousand Barrels per Day"""
"""PACCPUS""","""198801""",722.626,"""11""","""Total Petroleum Consumed by the Commercial Sector""","""Thousand Barrels per Day"""
"""PACCPUS""","""198802""",699.306,"""11""","""Total Petroleum Consumed by the Commercial Sector""","""Thousand Barrels per Day"""
"""PACCPUS""","""198803""",631.591,"""11""","""Total Petroleum Consumed by the Commercial Sector""","""Thousand Barrels per Day"""
"""PACCPUS""","""198804""",489.73,"""11""","""Total Petroleum Consumed by the Commercial Sector""","""Thousand Barrels per Day"""
"""PACCPUS""","""198805""",441.406,"""11""","""Total Petroleum Consumed by the Commercial Sector""","""Thousand Barrels per Day"""
"""PACCPUS""","""198806""",410.749,"""11""","""Total Petroleum Consumed by the Commercial Sector""","""Thousand Barrels per Day"""
"""PACCPUS""","""198807""",432.469,"""11""","""Total Petroleum Consumed by the Commercial Sector""","""Thousand Barrels per Day"""
"""PACCPUS""","""198808""",448.228,"""11""","""Total Petroleum Consumed by the Commercial Sector""","""Thousand Barrels per Day"""
"""PACCPUS""","""198809""",455.722,"""11""","""Total Petroleum Consumed by the Commercial Sector""","""Thousand Barrels per Day"""
"""PACCPUS""","""198810""",508.124,"""11""","""Total Petroleum Consumed by the Commercial Sector""","""Thousand Barrels per Day"""
"""PACCPUS""","""198811""",558.259,"""11""","""Total Petroleum Consumed by the Commercial Sector""","""Thousand Barrels per Day"""
"""PACCPUS""","""198812""",645.072,"""11""","""Total Petroleum Consumed by the Commercial Sector""","""Thousand Barrels per Day"""
"""PACCPUS""","""198901""",642.835,"""11""","""Total Petroleum Consumed by the Commercial Sector""","""Thousand Barrels per Day"""
"""PACCPUS""","""198902""",615.156,"""11""","""Total Petroleum Consumed by the Commercial Sector""","""Thousand Barrels per Day"""
"""PACCPUS""","""198903""",593.991,"""11""","""Total Petroleum Consumed by the Commercial Sector""","""Thousand Barrels per Day"""
"""PACCPUS""","""198904""",466.898,"""11""","""Total Petroleum Consumed by the Commercial Sector""","""Thousand Barrels per Day"""
"""PACCPUS""","""198905""",414.327,"""11""","""Total Petroleum Consumed by the Commercial Sector""","""Thousand Barrels per Day"""
"""PACCPUS""","""198906""",419.72,"""11""","""Total Petroleum Consumed by the Commercial Sector""","""Thousand Barrels per Day"""
"""PACCPUS""","""198907""",379.111,"""11""","""Total Petroleum Consumed by the Commercial Sector""","""Thousand Barrels per Day"""
"""PACCPUS""","""198908""",445.934,"""11""","""Total Petroleum Consumed by the Commercial Sector""","""Thousand Barrels per Day"""
"""PACCPUS""","""198909""",447.516,"""11""","""Total Petroleum Consumed by the Commercial Sector""","""Thousand Barrels per Day"""
"""PACCPUS""","""198910""",476.393,"""11""","""Total Petroleum Consumed by the Commercial Sector""","""Thousand Barrels per Day"""
"""PACCPUS""","""198911""",550.17,"""11""","""Total Petroleum Consumed by the Commercial Sector""","""Thousand Barrels per Day"""
"""PACCPUS""","""198912""",718.975,"""11""","""Total Petroleum Consumed by the Commercial Sector""","""Thousand Barrels per Day"""
"""PACCPUS""","""199001""",565.952,"""11""","""Total Petroleum Consumed by the Commercial Sector""","""Thousand Barrels per Day"""
"""PACCPUS""","""199002""",578.327,"""11""","""Total Petroleum Consumed by the Commercial Sector""","""Thousand Barrels per Day"""
"""PACCPUS""","""199003""",501.224,"""11""","""Total Petroleum Consumed by the Commercial Sector""","""Thousand Barrels per Day"""
"""PACCPUS""","""199004""",458.455,"""11""","""Total Petroleum Consumed by the Commercial Sector""","""Thousand Barrels per Day"""
"""PACCPUS""","""199005""",425.694,"""11""","""Total Petroleum Consumed by the Commercial Sector""","""Thousand Barrels per Day"""
"""PACCPUS""","""199006""",437.103,"""11""","""Total Petroleum Consumed by the Commercial Sector""","""Thousand Barrels per Day"""
"""PACCPUS""","""199007""",417.147,"""11""","""Total Petroleum Consumed by the Commercial Sector""","""Thousand Barrels per Day"""
"""PACCPUS""","""199008""",458.519,"""11""","""Total Petroleum Consumed by the Commercial Sector""","""Thousand Barrels per Day"""
"""PACCPUS""","""199009""",456.937,"""11""","""Total Petroleum Consumed by the Commercial Sector""","""Thousand Barrels per Day"""
"""PACCPUS""","""199010""",481.015,"""11""","""Total Petroleum Consumed by the Commercial Sector""","""Thousand Barrels per Day"""
"""PACCPUS""","""199011""",525.871,"""11""","""Total Petroleum Consumed by the Commercial Sector""","""Thousand Barrels per Day"""
"""PACCPUS""","""199012""",567.114,"""11""","""Total Petroleum Consumed by the Commercial Sector""","""Thousand Barrels per Day"""
"""PACCPUS""","""199101""",615.866,"""11""","""Total Petroleum Consumed by the Commercial Sector""","""Thousand Barrels per Day"""
"""PACCPUS""","""199102""",545.666,"""11""","""Total Petroleum Consumed by the Commercial Sector""","""Thousand Barrels per Day"""
"""PACCPUS""","""199103""",494.966,"""11""","""Total Petroleum Consumed by the Commercial Sector""","""Thousand Barrels per Day"""
"""PACCPUS""","""199104""",438.732,"""11""","""Total Petroleum Consumed by the Commercial Sector""","""Thousand Barrels per Day"""
"""PACCPUS""","""199105""",397.404,"""11""","""Total Petroleum Consumed by the Commercial Sector""","""Thousand Barrels per Day"""
"""PACCPUS""","""199106""",400.552,"""11""","""Total Petroleum Consumed by the Commercial Sector""","""Thousand Barrels per Day"""
"""PACCPUS""","""199107""",404.777,"""11""","""Total Petroleum Consumed by the Commercial Sector""","""Thousand Barrels per Day"""
"""PACCPUS""","""199108""",400.52,"""11""","""Total Petroleum Consumed by the Commercial Sector""","""Thousand Barrels per Day"""
"""PACCPUS""","""199109""",391.885,"""11""","""Total Petroleum Consumed by the Commercial Sector""","""Thousand Barrels per Day"""
"""PACCPUS""","""199110""",450.323,"""11""","""Total Petroleum Consumed by the Commercial Sector""","""Thousand Barrels per Day"""
"""PACCPUS""","""199111""",466.713,"""11""","""Total Petroleum Consumed by the Commercial Sector""","""Thousand Barrels per Day"""
"""PACCPUS""","""199112""",553.966,"""11""","""Total Petroleum Consumed by the Commercial Sector""","""Thousand Barrels per Day"""
"""PACCPUS""","""199201""",567.589,"""11""","""Total Petroleum Consumed by the Commercial Sector""","""Thousand Barrels per Day"""
"""PACCPUS""","""199202""",514.909,"""11""","""Total Petroleum Consumed by the Commercial Sector""","""Thousand Barrels per Day"""
"""PACCPUS""","""199203""",473.806,"""11""","""Total Petroleum Consumed by the Commercial Sector""","""Thousand Barrels per Day"""
"""PACCPUS""","""199204""",432.068,"""11""","""Total Petroleum Consumed by the Commercial Sector""","""Thousand Barrels per Day"""
"""PACCPUS""","""199205""",365.469,"""11""","""Total Petroleum Consumed by the Commercial Sector""","""Thousand Barrels per Day"""
"""PACCPUS""","""199206""",372.628,"""11""","""Total Petroleum Consumed by the Commercial Sector""","""Thousand Barrels per Day"""
"""PACCPUS""","""199207""",350.08,"""11""","""Total Petroleum Consumed by the Commercial Sector""","""Thousand Barrels per Day"""
"""PACCPUS""","""199208""",348.725,"""11""","""Total Petroleum Consumed by the Commercial Sector""","""Thousand Barrels per Day"""
"""PACCPUS""","""199209""",441.439,"""11""","""Total Petroleum Consumed by the Commercial Sector""","""Thousand Barrels per Day"""
"""PACCPUS""","""199210""",415.763,"""11""","""Total Petroleum Consumed by the Commercial Sector""","""Thousand Barrels per Day"""
"""PACCPUS""","""199211""",465.568,"""11""","""Total Petroleum Consumed by the Commercial Sector""","""Thousand Barrels per Day"""
"""PACCPUS""","""199212""",567.801,"""11""","""Total Petroleum Consumed by the Commercial Sector""","""Thousand Barrels per Day"""
"""PACCPUS""","""199301""",508.893,"""11""","""Total Petroleum Consumed by the Commercial Sector""","""Thousand Barrels per Day"""
"""PACCPUS""","""199302""",534.51,"""11""","""Total Petroleum Consumed by the Commercial Sector""","""Thousand Barrels per Day"""
"""PACCPUS""","""199303""",508.741,"""11""","""Total Petroleum Consumed by the Commercial Sector""","""Thousand Barrels per Day"""
"""PACCPUS""","""199304""",421.089,"""11""","""Total Petroleum Consumed by the Commercial Sector""","""Thousand Barrels per Day"""
"""PACCPUS""","""199305""",356.024,"""11""","""Total Petroleum Consumed by the Commercial Sector""","""Thousand Barrels per Day"""
"""PACCPUS""","""199306""",365.574,"""11""","""Total Petroleum Consumed by the Commercial Sector""","""Thousand Barrels per Day"""
"""PACCPUS""","""199307""",346.543,"""11""","""Total Petroleum Consumed by the Commercial Sector""","""Thousand Barrels per Day"""
"""PACCPUS""","""199308""",373.73,"""11""","""Total Petroleum Consumed by the Commercial Sector""","""Thousand Barrels per Day"""
"""PACCPUS""","""199309""",357.809,"""11""","""Total Petroleum Consumed by the Commercial Sector""","""Thousand Barrels per Day"""
"""PACCPUS""","""199310""",301.811,"""11""","""Total Petroleum Consumed by the Commercial Sector""","""Thousand Barrels per Day"""
"""PACCPUS""","""199311""",359.341,"""11""","""Total Petroleum Consumed by the Commercial Sector""","""Thousand Barrels per Day"""
"""PACCPUS""","""199312""",463.877,"""11""","""Total Petroleum Consumed by the Commercial Sector""","""Thousand Barrels per Day"""
"""PACCPUS""","""199401""",583.615,"""11""","""Total Petroleum Consumed by the Commercial Sector""","""Thousand Barrels per Day"""
"""PACCPUS""","""199402""",574.712,"""11""","""Total Petroleum Consumed by the Commercial Sector""","""Thousand Barrels per Day"""
"""PACCPUS""","""199403""",468.463,"""11""","""Total Petroleum Consumed by the Commercial Sector""","""Thousand Barrels per Day"""
"""PACCPUS""","""199404""",367.558,"""11""","""Total Petroleum Consumed by the Commercial Sector""","""Thousand Barrels per Day"""
"""PACCPUS""","""199405""",350.067,"""11""","""Total Petroleum Consumed by the Commercial Sector""","""Thousand Barrels per Day"""
"""PACCPUS""","""199406""",333.336,"""11""","""Total Petroleum Consumed by the Commercial Sector""","""Thousand Barrels per Day"""
"""PACCPUS""","""199407""",298.509,"""11""","""Total Petroleum Consumed by the Commercial Sector""","""Thousand Barrels per Day"""
"""PACCPUS""","""199408""",329.213,"""11""","""Total Petroleum Consumed by the Commercial Sector""","""Thousand Barrels per Day"""
"""PACCPUS""","""199409""",345.672,"""11""","""Total Petroleum Consumed by the Commercial Sector""","""Thousand Barrels per Day"""
"""PACCPUS""","""199410""",365.216,"""11""","""Total Petroleum Consumed by the Commercial Sector""","""Thousand Barrels per Day"""
"""PACCPUS""","""199411""",411.528,"""11""","""Total Petroleum Consumed by the Commercial Sector""","""Thousand Barrels per Day"""
"""PACCPUS""","""199412""",500.151,"""11""","""Total Petroleum Consumed by the Commercial Sector""","""Thousand Barrels per Day"""
"""PACCPUS""","""199501""",494.187,"""11""","""Total Petroleum Consumed by the Commercial Sector""","""Thousand Barrels per Day"""
"""PACCPUS""","""199502""",545.389,"""11""","""Total Petroleum Consumed by the Commercial Sector""","""Thousand Barrels per Day"""
"""PACCPUS""","""199503""",429.26,"""11""","""Total Petroleum Consumed by the Commercial Sector""","""Thousand Barrels per Day"""
"""PACCPUS""","""199504""",385.763,"""11""","""Total Petroleum Consumed by the Commercial Sector""","""Thousand Barrels per Day"""
"""PACCPUS""","""199505""",315.283,"""11""","""Total Petroleum Consumed by the Commercial Sector""","""Thousand Barrels per Day"""
"""PACCPUS""","""199506""",308.32,"""11""","""Total Petroleum Consumed by the Commercial Sector""","""Thousand Barrels per Day"""
"""PACCPUS""","""199507""",273.121,"""11""","""Total Petroleum Consumed by the Commercial Sector""","""Thousand Barrels per Day"""
"""PACCPUS""","""199508""",281.462,"""11""","""Total Petroleum Consumed by the Commercial Sector""","""Thousand Barrels per Day"""
"""PACCPUS""","""199509""",299.734,"""11""","""Total Petroleum Consumed by the Commercial Sector""","""Thousand Barrels per Day"""
"""PACCPUS""","""199510""",325.889,"""11""","""Total Petroleum Consumed by the Commercial Sector""","""Thousand Barrels per Day"""
"""PACCPUS""","""199511""",428.757,"""11""","""Total Petroleum Consumed by the Commercial Sector""","""Thousand Barrels per Day"""
"""PACCPUS""","""199512""",542.263,"""11""","""Total Petroleum Consumed by the Commercial Sector""","""Thousand Barrels per Day"""
"""PACCPUS""","""199601""",563.677,"""11""","""Total Petroleum Consumed by the Commercial Sector""","""Thousand Barrels per Day"""
"""PACCPUS""","""199602""",553.078,"""11""","""Total Petroleum Consumed by the Commercial Sector""","""Thousand Barrels per Day"""
"""PACCPUS""","""199603""",460.986,"""11""","""Total Petroleum Consumed by the Commercial Sector""","""Thousand Barrels per Day"""
"""PACCPUS""","""199604""",376.586,"""11""","""Total Petroleum Consumed by the Commercial Sector""","""Thousand Barrels per Day"""
"""PACCPUS""","""199605""",305.17,"""11""","""Total Petroleum Consumed by the Commercial Sector""","""Thousand Barrels per Day"""
"""PACCPUS""","""199606""",299.685,"""11""","""Total Petroleum Consumed by the Commercial Sector""","""Thousand Barrels per Day"""
"""PACCPUS""","""199607""",269.658,"""11""","""Total Petroleum Consumed by the Commercial Sector""","""Thousand Barrels per Day"""
"""PACCPUS""","""199608""",281.246,"""11""","""Total Petroleum Consumed by the Commercial Sector""","""Thousand Barrels per Day"""
"""PACCPUS""","""199609""",311.505,"""11""","""Total Petroleum Consumed by the Commercial Sector""","""Thousand Barrels per Day"""
"""PACCPUS""","""199610""",374.593,"""11""","""Total Petroleum Consumed by the Commercial Sector""","""Thousand Barrels per Day"""
"""PACCPUS""","""199611""",470.251,"""11""","""Total Petroleum Consumed by the Commercial Sector""","""Thousand Barrels per Day"""
"""PACCPUS""","""199612""",508.152,"""11""","""Total Petroleum Consumed by the Commercial Sector""","""Thousand Barrels per Day"""
"""PACCPUS""","""199701""",563.681,"""11""","""Total Petroleum Consumed by the Commercial Sector""","""Thousand Barrels per Day"""
"""PACCPUS""","""199702""",493.011,"""11""","""Total Petroleum Consumed by the Commercial Sector""","""Thousand Barrels per Day"""
"""PACCPUS""","""199703""",419.724,"""11""","""Total Petroleum Consumed by the Commercial Sector""","""Thousand Barrels per Day"""
"""PACCPUS""","""199704""",372.85,"""11""","""Total Petroleum Consumed by the Commercial Sector""","""Thousand Barrels per Day"""
"""PACCPUS""","""199705""",311.462,"""11""","""Total Petroleum Consumed by the Commercial Sector""","""Thousand Barrels per Day"""
"""PACCPUS""","""199706""",311.01,"""11""","""Total Petroleum Consumed by the Commercial Sector""","""Thousand Barrels per Day"""
"""PACCPUS""","""199707""",296.005,"""11""","""Total Petroleum Consumed by the Commercial Sector""","""Thousand Barrels per Day"""
"""PACCPUS""","""199708""",298.107,"""11""","""Total Petroleum Consumed by the Commercial Sector""","""Thousand Barrels per Day"""
"""PACCPUS""","""199709""",314.095,"""11""","""Total Petroleum Consumed by the Commercial Sector""","""Thousand Barrels per Day"""
"""PACCPUS""","""199710""",329.912,"""11""","""Total Petroleum Consumed by the Commercial Sector""","""Thousand Barrels per Day"""
"""PACCPUS""","""199711""",373.206,"""11""","""Total Petroleum Consumed by the Commercial Sector""","""Thousand Barrels per Day"""
"""PACCPUS""","""199712""",453.932,"""11""","""Total Petroleum Consumed by the Commercial Sector""","""Thousand Barrels per Day"""
"""PACCPUS""","""199801""",462.884,"""11""","""Total Petroleum Consumed by the Commercial Sector""","""Thousand Barrels per Day"""
"""PACCPUS""","""199802""",454.547,"""11""","""Total Petroleum Consumed by the Commercial Sector""","""Thousand Barrels per Day"""
"""PACCPUS""","""199803""",418.813,"""11""","""Total Petroleum Consumed by the Commercial Sector""","""Thousand Barrels per Day"""
"""PACCPUS""","""199804""",347.158,"""11""","""Total Petroleum Consumed by the Commercial Sector""","""Thousand Barrels per Day"""
"""PACCPUS""","""199805""",342.667,"""11""","""Total Petroleum Consumed by the Commercial Sector""","""Thousand Barrels per Day"""
"""PACCPUS""","""199806""",307.49,"""11""","""Total Petroleum Consumed by the Commercial Sector""","""Thousand Barrels per Day"""
"""PACCPUS""","""199807""",280.933,"""11""","""Total Petroleum Consumed by the Commercial Sector""","""Thousand Barrels per Day"""
"""PACCPUS""","""199808""",284.421,"""11""","""Total Petroleum Consumed by the Commercial Sector""","""Thousand Barrels per Day"""
"""PACCPUS""","""199809""",273.398,"""11""","""Total Petroleum Consumed by the Commercial Sector""","""Thousand Barrels per Day"""
"""PACCPUS""","""199810""",337.487,"""11""","""Total Petroleum Consumed by the Commercial Sector""","""Thousand Barrels per Day"""
"""PACCPUS""","""199811""",356.725,"""11""","""Total Petroleum Consumed by the Commercial Sector""","""Thousand Barrels per Day"""
"""PACCPUS""","""199812""",438.741,"""11""","""Total Petroleum Consumed by the Commercial Sector""","""Thousand Barrels per Day"""
"""PACCPUS""","""199901""",527.918,"""11""","""Total Petroleum Consumed by the Commercial Sector""","""Thousand Barrels per Day"""
"""PACCPUS""","""199902""",528.959,"""11""","""Total Petroleum Consumed by the Commercial Sector""","""Thousand Barrels per Day"""
"""PACCPUS""","""199903""",460.275,"""11""","""Total Petroleum Consumed by the Commercial Sector""","""Thousand Barrels per Day"""
"""PACCPUS""","""199904""",340.304,"""11""","""Total Petroleum Consumed by the Commercial Sector""","""Thousand Barrels per Day"""
"""PACCPUS""","""199905""",285.818,"""11""","""Total Petroleum Consumed by the Commercial Sector""","""Thousand Barrels per Day"""
"""PACCPUS""","""199906""",271.355,"""11""","""Total Petroleum Consumed by the Commercial Sector""","""Thousand Barrels per Day"""
"""PACCPUS""","""199907""",254.341,"""11""","""Total Petroleum Consumed by the Commercial Sector""","""Thousand Barrels per Day"""
"""PACCPUS""","""199908""",267.788,"""11""","""Total Petroleum Consumed by the Commercial Sector""","""Thousand Barrels per Day"""
"""PACCPUS""","""199909""",273.419,"""11""","""Total Petroleum Consumed by the Commercial Sector""","""Thousand Barrels per Day"""
"""PACCPUS""","""199910""",336.493,"""11""","""Total Petroleum Consumed by the Commercial Sector""","""Thousand Barrels per Day"""
"""PACCPUS""","""199911""",387.722,"""11""","""Total Petroleum Consumed by the Commercial Sector""","""Thousand Barrels per Day"""
"""PACCPUS""","""199912""",470.488,"""11""","""Total Petroleum Consumed by the Commercial Sector""","""Thousand Barrels per Day"""
"""PACCPUS""","""200001""",565.444,"""11""","""Total Petroleum Consumed by the Commercial Sector""","""Thousand Barrels per Day"""
"""PACCPUS""","""200002""",537.527,"""11""","""Total Petroleum Consumed by the Commercial Sector""","""Thousand Barrels per Day"""
"""PACCPUS""","""200003""",444.922,"""11""","""Total Petroleum Consumed by the Commercial Sector""","""Thousand Barrels per Day"""
"""PACCPUS""","""200004""",373.512,"""11""","""Total Petroleum Consumed by the Commercial Sector""","""Thousand Barrels per Day"""
"""PACCPUS""","""200005""",327.467,"""11""","""Total Petroleum Consumed by the Commercial Sector""","""Thousand Barrels per Day"""
"""PACCPUS""","""200006""",296.55,"""11""","""Total Petroleum Consumed by the Commercial Sector""","""Thousand Barrels per Day"""
"""PACCPUS""","""200007""",283.661,"""11""","""Total Petroleum Consumed by the Commercial Sector""","""Thousand Barrels per Day"""
"""PACCPUS""","""200008""",346.469,"""11""","""Total Petroleum Consumed by the Commercial Sector""","""Thousand Barrels per Day"""
"""PACCPUS""","""200009""",339.392,"""11""","""Total Petroleum Consumed by the Commercial Sector""","""Thousand Barrels per Day"""
"""PACCPUS""","""200010""",384.062,"""11""","""Total Petroleum Consumed by the Commercial Sector""","""Thousand Barrels per Day"""
"""PACCPUS""","""200011""",464.99,"""11""","""Total Petroleum Consumed by the Commercial Sector""","""Thousand Barrels per Day"""
"""PACCPUS""","""200012""",617.068,"""11""","""Total Petroleum Consumed by the Commercial Sector""","""Thousand Barrels per Day"""
"""PACCPUS""","""200101""",622.259,"""11""","""Total Petroleum Consumed by the Commercial Sector""","""Thousand Barrels per Day"""
"""PACCPUS""","""200102""",564.392,"""11""","""Total Petroleum Consumed by the Commercial Sector""","""Thousand Barrels per Day"""
"""PACCPUS""","""200103""",499.323,"""11""","""Total Petroleum Consumed by the Commercial Sector""","""Thousand Barrels per Day"""
"""PACCPUS""","""200104""",397.82,"""11""","""Total Petroleum Consumed by the Commercial Sector""","""Thousand Barrels per Day"""
"""PACCPUS""","""200105""",311.741,"""11""","""Total Petroleum Consumed by the Commercial Sector""","""Thousand Barrels per Day"""
"""PACCPUS""","""200106""",305.115,"""11""","""Total Petroleum Consumed by the Commercial Sector""","""Thousand Barrels per Day"""
"""PACCPUS""","""200107""",311.903,"""11""","""Total Petroleum Consumed by the Commercial Sector""","""Thousand Barrels per Day"""
"""PACCPUS""","""200108""",306.341,"""11""","""Total Petroleum Consumed by the Commercial Sector""","""Thousand Barrels per Day"""
"""PACCPUS""","""200109""",301.527,"""11""","""Total Petroleum Consumed by the Commercial Sector""","""Thousand Barrels per Day"""
"""PACCPUS""","""200110""",360.427,"""11""","""Total Petroleum Consumed by the Commercial Sector""","""Thousand Barrels per Day"""
"""PACCPUS""","""200111""",408.962,"""11""","""Total Petroleum Consumed by the Commercial Sector""","""Thousand Barrels per Day"""
"""PACCPUS""","""200112""",495.355,"""11""","""Total Petroleum Consumed by the Commercial Sector""","""Thousand Barrels per Day"""
"""PACCPUS""","""200201""",523.063,"""11""","""Total Petroleum Consumed by the Commercial Sector""","""Thousand Barrels per Day"""
"""PACCPUS""","""200202""",492.026,"""11""","""Total Petroleum Consumed by the Commercial Sector""","""Thousand Barrels per Day"""
"""PACCPUS""","""200203""",434.463,"""11""","""Total Petroleum Consumed by the Commercial Sector""","""Thousand Barrels per Day"""
"""PACCPUS""","""200204""",329.603,"""11""","""Total Petroleum Consumed by the Commercial Sector""","""Thousand Barrels per Day"""
"""PACCPUS""","""200205""",303.046,"""11""","""Total Petroleum Consumed by the Commercial Sector""","""Thousand Barrels per Day"""
"""PACCPUS""","""200206""",272.967,"""11""","""Total Petroleum Consumed by the Commercial Sector""","""Thousand Barrels per Day"""
"""PACCPUS""","""200207""",273.54,"""11""","""Total Petroleum Consumed by the Commercial Sector""","""Thousand Barrels per Day"""
"""PACCPUS""","""200208""",280.375,"""11""","""Total Petroleum Consumed by the Commercial Sector""","""Thousand Barrels per Day"""
"""PACCPUS""","""200209""",293.099,"""11""","""Total Petroleum Consumed by the Commercial Sector""","""Thousand Barrels per Day"""
"""PACCPUS""","""200210""",361.405,"""11""","""Total Petroleum Consumed by the Commercial Sector""","""Thousand Barrels per Day"""
"""PACCPUS""","""200211""",417.994,"""11""","""Total Petroleum Consumed by the Commercial Sector""","""Thousand Barrels per Day"""
"""PACCPUS""","""200212""",532.612,"""11""","""Total Petroleum Consumed by the Commercial Sector""","""Thousand Barrels per Day"""
"""PACCPUS""","""200301""",670.404,"""11""","""Total Petroleum Consumed by the Commercial Sector""","""Thousand Barrels per Day"""
"""PACCPUS""","""200302""",613.903,"""11""","""Total Petroleum Consumed by the Commercial Sector""","""Thousand Barrels per Day"""
"""PACCPUS""","""200303""",509.309,"""11""","""Total Petroleum Consumed by the Commercial Sector""","""Thousand Barrels per Day"""
"""PACCPUS""","""200304""",408.048,"""11""","""Total Petroleum Consumed by the Commercial Sector""","""Thousand Barrels per Day"""
"""PACCPUS""","""200305""",348.007,"""11""","""Total Petroleum Consumed by the Commercial Sector""","""Thousand Barrels per Day"""
"""PACCPUS""","""200306""",331.202,"""11""","""Total Petroleum Consumed by the Commercial Sector""","""Thousand Barrels per Day"""
"""PACCPUS""","""200307""",322.131,"""11""","""Total Petroleum Consumed by the Commercial Sector""","""Thousand Barrels per Day"""
"""PACCPUS""","""200308""",313.106,"""11""","""Total Petroleum Consumed by the Commercial Sector""","""Thousand Barrels per Day"""
"""PACCPUS""","""200309""",366.024,"""11""","""Total Petroleum Consumed by the Commercial Sector""","""Thousand Barrels per Day"""
"""PACCPUS""","""200310""",395.822,"""11""","""Total Petroleum Consumed by the Commercial Sector""","""Thousand Barrels per Day"""
"""PACCPUS""","""200311""",410.446,"""11""","""Total Petroleum Consumed by the Commercial Sector""","""Thousand Barrels per Day"""
"""PACCPUS""","""200312""",534.925,"""11""","""Total Petroleum Consumed by the Commercial Sector""","""Thousand Barrels per Day"""
"""PACCPUS""","""200401""",613.829,"""11""","""Total Petroleum Consumed by the Commercial Sector""","""Thousand Barrels per Day"""
"""PACCPUS""","""200402""",567.896,"""11""","""Total Petroleum Consumed by the Commercial Sector""","""Thousand Barrels per Day"""
"""PACCPUS""","""200403""",452.921,"""11""","""Total Petroleum Consumed by the Commercial Sector""","""Thousand Barrels per Day"""
"""PACCPUS""","""200404""",392.09,"""11""","""Total Petroleum Consumed by the Commercial Sector""","""Thousand Barrels per Day"""
"""PACCPUS""","""200405""",312.915,"""11""","""Total Petroleum Consumed by the Commercial Sector""","""Thousand Barrels per Day"""
"""PACCPUS""","""200406""",310.021,"""11""","""Total Petroleum Consumed by the Commercial Sector""","""Thousand Barrels per Day"""
"""PACCPUS""","""200407""",298.679,"""11""","""Total Petroleum Consumed by the Commercial Sector""","""Thousand Barrels per Day"""
"""PACCPUS""","""200408""",315.093,"""11""","""Total Petroleum Consumed by the Commercial Sector""","""Thousand Barrels per Day"""
"""PACCPUS""","""200409""",311.915,"""11""","""Total Petroleum Consumed by the Commercial Sector""","""Thousand Barrels per Day"""
"""PACCPUS""","""200410""",364.655,"""11""","""Total Petroleum Consumed by the Commercial Sector""","""Thousand Barrels per Day"""
"""PACCPUS""","""200411""",432.233,"""11""","""Total Petroleum Consumed by the Commercial Sector""","""Thousand Barrels per Day"""
"""PACCPUS""","""200412""",616.675,"""11""","""Total Petroleum Consumed by the Commercial Sector""","""Thousand Barrels per Day"""
"""PACCPUS""","""200501""",540.71,"""11""","""Total Petroleum Consumed by the Commercial Sector""","""Thousand Barrels per Day"""
"""PACCPUS""","""200502""",520.204,"""11""","""Total Petroleum Consumed by the Commercial Sector""","""Thousand Barrels per Day"""
"""PACCPUS""","""200503""",451.717,"""11""","""Total Petroleum Consumed by the Commercial Sector""","""Thousand Barrels per Day"""
"""PACCPUS""","""200504""",354.017,"""11""","""Total Petroleum Consumed by the Commercial Sector""","""Thousand Barrels per Day"""
"""PACCPUS""","""200505""",319.062,"""11""","""Total Petroleum Consumed by the Commercial Sector""","""Thousand Barrels per Day"""
"""PACCPUS""","""200506""",327.347,"""11""","""Total Petroleum Consumed by the Commercial Sector""","""Thousand Barrels per Day"""
"""PACCPUS""","""200507""",307.976,"""11""","""Total Petroleum Consumed by the Commercial Sector""","""Thousand Barrels per Day"""
"""PACCPUS""","""200508""",328.73,"""11""","""Total Petroleum Consumed by the Commercial Sector""","""Thousand Barrels per Day"""
"""PACCPUS""","""200509""",304.842,"""11""","""Total Petroleum Consumed by the Commercial Sector""","""Thousand Barrels per Day"""
"""PACCPUS""","""200510""",344.951,"""11""","""Total Petroleum Consumed by the Commercial Sector""","""Thousand Barrels per Day"""
"""PACCPUS""","""200511""",381.22,"""11""","""Total Petroleum Consumed by the Commercial Sector""","""Thousand Barrels per Day"""
"""PACCPUS""","""200512""",498.184,"""11""","""Total Petroleum Consumed by the Commercial Sector""","""Thousand Barrels per Day"""
"""PACCPUS""","""200601""",463.159,"""11""","""Total Petroleum Consumed by the Commercial Sector""","""Thousand Barrels per Day"""
"""PACCPUS""","""200602""",529.497,"""11""","""Total Petroleum Consumed by the Commercial Sector""","""Thousand Barrels per Day"""
"""PACCPUS""","""200603""",439.333,"""11""","""Total Petroleum Consumed by the Commercial Sector""","""Thousand Barrels per Day"""
"""PACCPUS""","""200604""",323.002,"""11""","""Total Petroleum Consumed by the Commercial Sector""","""Thousand Barrels per Day"""
"""PACCPUS""","""200605""",287.62,"""11""","""Total Petroleum Consumed by the Commercial Sector""","""Thousand Barrels per Day"""
"""PACCPUS""","""200606""",260.908,"""11""","""Total Petroleum Consumed by the Commercial Sector""","""Thousand Barrels per Day"""
"""PACCPUS""","""200607""",247.424,"""11""","""Total Petroleum Consumed by the Commercial Sector""","""Thousand Barrels per Day"""
"""PACCPUS""","""200608""",252.498,"""11""","""Total Petroleum Consumed by the Commercial Sector""","""Thousand Barrels per Day"""
"""PACCPUS""","""200609""",271.593,"""11""","""Total Petroleum Consumed by the Commercial Sector""","""Thousand Barrels per Day"""
"""PACCPUS""","""200610""",297.467,"""11""","""Total Petroleum Consumed by the Commercial Sector""","""Thousand Barrels per Day"""
"""PACCPUS""","""200611""",337.024,"""11""","""Total Petroleum Consumed by the Commercial Sector""","""Thousand Barrels per Day"""
"""PACCPUS""","""200612""",413.036,"""11""","""Total Petroleum Consumed by the Commercial Sector""","""Thousand Barrels per Day"""
"""PACCPUS""","""200701""",435.746,"""11""","""Total Petroleum Consumed by the Commercial Sector""","""Thousand Barrels per Day"""
"""PACCPUS""","""200702""",500.42,"""11""","""Total Petroleum Consumed by the Commercial Sector""","""Thousand Barrels per Day"""
"""PACCPUS""","""200703""",418.706,"""11""","""Total Petroleum Consumed by the Commercial Sector""","""Thousand Barrels per Day"""
"""PACCPUS""","""200704""",289.136,"""11""","""Total Petroleum Consumed by the Commercial Sector""","""Thousand Barrels per Day"""
"""PACCPUS""","""200705""",218.22,"""11""","""Total Petroleum Consumed by the Commercial Sector""","""Thousand Barrels per Day"""
"""PACCPUS""","""200706""",229.808,"""11""","""Total Petroleum Consumed by the Commercial Sector""","""Thousand Barrels per Day"""
"""PACCPUS""","""200707""",223.851,"""11""","""Total Petroleum Consumed by the Commercial Sector""","""Thousand Barrels per Day"""
"""PACCPUS""","""200708""",243.733,"""11""","""Total Petroleum Consumed by the Commercial Sector""","""Thousand Barrels per Day"""
"""PACCPUS""","""200709""",257.432,"""11""","""Total Petroleum Consumed by the Commercial Sector""","""Thousand Barrels per Day"""
"""PACCPUS""","""200710""",292.71,"""11""","""Total Petroleum Consumed by the Commercial Sector""","""Thousand Barrels per Day"""
"""PACCPUS""","""200711""",397.31,"""11""","""Total Petroleum Consumed by the Commercial Sector""","""Thousand Barrels per Day"""
"""PACCPUS""","""200712""",545.391,"""11""","""Total Petroleum Consumed by the Commercial Sector""","""Thousand Barrels per Day"""
"""PACCPUS""","""200801""",549.935,"""11""","""Total Petroleum Consumed by the Commercial Sector""","""Thousand Barrels per Day"""
"""PACCPUS""","""200802""",549.243,"""11""","""Total Petroleum Consumed by the Commercial Sector""","""Thousand Barrels per Day"""
"""PACCPUS""","""200803""",424.34,"""11""","""Total Petroleum Consumed by the Commercial Sector""","""Thousand Barrels per Day"""
"""PACCPUS""","""200804""",331.944,"""11""","""Total Petroleum Consumed by the Commercial Sector""","""Thousand Barrels per Day"""
"""PACCPUS""","""200805""",256.962,"""11""","""Total Petroleum Consumed by the Commercial Sector""","""Thousand Barrels per Day"""
"""PACCPUS""","""200806""",251.906,"""11""","""Total Petroleum Consumed by the Commercial Sector""","""Thousand Barrels per Day"""
"""PACCPUS""","""200807""",239.712,"""11""","""Total Petroleum Consumed by the Commercial Sector""","""Thousand Barrels per Day"""
"""PACCPUS""","""200808""",226.224,"""11""","""Total Petroleum Consumed by the Commercial Sector""","""Thousand Barrels per Day"""
"""PACCPUS""","""200809""",240.93,"""11""","""Total Petroleum Consumed by the Commercial Sector""","""Thousand Barrels per Day"""
"""PACCPUS""","""200810""",286.192,"""11""","""Total Petroleum Consumed by the Commercial Sector""","""Thousand Barrels per Day"""
"""PACCPUS""","""200811""",358.778,"""11""","""Total Petroleum Consumed by the Commercial Sector""","""Thousand Barrels per Day"""
"""PACCPUS""","""200812""",502.437,"""11""","""Total Petroleum Consumed by the Commercial Sector""","""Thousand Barrels per Day"""
"""PACCPUS""","""200901""",541.618,"""11""","""Total Petroleum Consumed by the Commercial Sector""","""Thousand Barrels per Day"""
"""PACCPUS""","""200902""",495.538,"""11""","""Total Petroleum Consumed by the Commercial Sector""","""Thousand Barrels per Day"""
"""PACCPUS""","""200903""",428.362,"""11""","""Total Petroleum Consumed by the Commercial Sector""","""Thousand Barrels per Day"""
"""PACCPUS""","""200904""",343.254,"""11""","""Total Petroleum Consumed by the Commercial Sector""","""Thousand Barrels per Day"""
"""PACCPUS""","""200905""",248.063,"""11""","""Total Petroleum Consumed by the Commercial Sector""","""Thousand Barrels per Day"""
"""PACCPUS""","""200906""",230.83,"""11""","""Total Petroleum Consumed by the Commercial Sector""","""Thousand Barrels per Day"""
"""PACCPUS""","""200907""",243.59,"""11""","""Total Petroleum Consumed by the Commercial Sector""","""Thousand Barrels per Day"""
"""PACCPUS""","""200908""",251.193,"""11""","""Total Petroleum Consumed by the Commercial Sector""","""Thousand Barrels per Day"""
"""PACCPUS""","""200909""",289.323,"""11""","""Total Petroleum Consumed by the Commercial Sector""","""Thousand Barrels per Day"""
"""PACCPUS""","""200910""",295.673,"""11""","""Total Petroleum Consumed by the Commercial Sector""","""Thousand Barrels per Day"""
"""PACCPUS""","""200911""",313.707,"""11""","""Total Petroleum Consumed by the Commercial Sector""","""Thousand Barrels per Day"""
"""PACCPUS""","""200912""",496.871,"""11""","""Total Petroleum Consumed by the Commercial Sector""","""Thousand Barrels per Day"""
"""PACCPUS""","""201001""",549.824,"""11""","""Total Petroleum Consumed by the Commercial Sector""","""Thousand Barrels per Day"""
"""PACCPUS""","""201002""",557.145,"""11""","""Total Petroleum Consumed by the Commercial Sector""","""Thousand Barrels per Day"""
"""PACCPUS""","""201003""",358.805,"""11""","""Total Petroleum Consumed by the Commercial Sector""","""Thousand Barrels per Day"""
"""PACCPUS""","""201004""",269.113,"""11""","""Total Petroleum Consumed by the Commercial Sector""","""Thousand Barrels per Day"""
"""PACCPUS""","""201005""",262.169,"""11""","""Total Petroleum Consumed by the Commercial Sector""","""Thousand Barrels per Day"""
"""PACCPUS""","""201006""",278.818,"""11""","""Total Petroleum Consumed by the Commercial Sector""","""Thousand Barrels per Day"""
"""PACCPUS""","""201007""",233.467,"""11""","""Total Petroleum Consumed by the Commercial Sector""","""Thousand Barrels per Day"""
"""PACCPUS""","""201008""",217.096,"""11""","""Total Petroleum Consumed by the Commercial Sector""","""Thousand Barrels per Day"""
"""PACCPUS""","""201009""",212.629,"""11""","""Total Petroleum Consumed by the Commercial Sector""","""Thousand Barrels per Day"""
"""PACCPUS""","""201010""",294.013,"""11""","""Total Petroleum Consumed by the Commercial Sector""","""Thousand Barrels per Day"""
"""PACCPUS""","""201011""",362.072,"""11""","""Total Petroleum Consumed by the Commercial Sector""","""Thousand Barrels per Day"""
"""PACCPUS""","""201012""",530.613,"""11""","""Total Petroleum Consumed by the Commercial Sector""","""Thousand Barrels per Day"""
"""PACCPUS""","""201101""",496.923,"""11""","""Total Petroleum Consumed by the Commercial Sector""","""Thousand Barrels per Day"""
"""PACCPUS""","""201102""",499.426,"""11""","""Total Petroleum Consumed by the Commercial Sector""","""Thousand Barrels per Day"""
"""PACCPUS""","""201103""",368.06,"""11""","""Total Petroleum Consumed by the Commercial Sector""","""Thousand Barrels per Day"""
"""PACCPUS""","""201104""",267.66,"""11""","""Total Petroleum Consumed by the Commercial Sector""","""Thousand Barrels per Day"""
"""PACCPUS""","""201105""",195.958,"""11""","""Total Petroleum Consumed by the Commercial Sector""","""Thousand Barrels per Day"""
"""PACCPUS""","""201106""",235.77,"""11""","""Total Petroleum Consumed by the Commercial Sector""","""Thousand Barrels per Day"""
"""PACCPUS""","""201107""",216.118,"""11""","""Total Petroleum Consumed by the Commercial Sector""","""Thousand Barrels per Day"""
"""PACCPUS""","""201108""",264.883,"""11""","""Total Petroleum Consumed by the Commercial Sector""","""Thousand Barrels per Day"""
"""PACCPUS""","""201109""",288.192,"""11""","""Total Petroleum Consumed by the Commercial Sector""","""Thousand Barrels per Day"""
"""PACCPUS""","""201110""",328.807,"""11""","""Total Petroleum Consumed by the Commercial Sector""","""Thousand Barrels per Day"""
"""PACCPUS""","""201111""",390.135,"""11""","""Total Petroleum Consumed by the Commercial Sector""","""Thousand Barrels per Day"""
"""PACCPUS""","""201112""",493.068,"""11""","""Total Petroleum Consumed by the Commercial Sector""","""Thousand Barrels per Day"""
"""PACCPUS""","""201201""",479.339,"""11""","""Total Petroleum Consumed by the Commercial Sector""","""Thousand Barrels per Day"""
"""PACCPUS""","""201202""",422.254,"""11""","""Total Petroleum Consumed by the Commercial Sector""","""Thousand Barrels per Day"""
"""PACCPUS""","""201203""",332.707,"""11""","""Total Petroleum Consumed by the Commercial Sector""","""Thousand Barrels per Day"""
"""PACCPUS""","""201204""",266.15,"""11""","""Total Petroleum Consumed by the Commercial Sector""","""Thousand Barrels per Day"""
"""PACCPUS""","""201205""",238.592,"""11""","""Total Petroleum Consumed by the Commercial Sector""","""Thousand Barrels per Day"""
"""PACCPUS""","""201206""",234.345,"""11""","""Total Petroleum Consumed by the Commercial Sector""","""Thousand Barrels per Day"""
"""PACCPUS""","""201207""",219.749,"""11""","""Total Petroleum Consumed by the Commercial Sector""","""Thousand Barrels per Day"""
"""PACCPUS""","""201208""",258.155,"""11""","""Total Petroleum Consumed by the Commercial Sector""","""Thousand Barrels per Day"""
"""PACCPUS""","""201209""",229.074,"""11""","""Total Petroleum Consumed by the Commercial Sector""","""Thousand Barrels per Day"""
"""PACCPUS""","""201210""",239.841,"""11""","""Total Petroleum Consumed by the Commercial Sector""","""Thousand Barrels per Day"""
"""PACCPUS""","""201211""",320.848,"""11""","""Total Petroleum Consumed by the Commercial Sector""","""Thousand Barrels per Day"""
"""PACCPUS""","""201212""",358.424,"""11""","""Total Petroleum Consumed by the Commercial Sector""","""Thousand Barrels per Day"""
"""PACCPUS""","""201301""",509.695,"""11""","""Total Petroleum Consumed by the Commercial Sector""","""Thousand Barrels per Day"""
"""PACCPUS""","""201302""",515.299,"""11""","""Total Petroleum Consumed by the Commercial Sector""","""Thousand Barrels per Day"""
"""PACCPUS""","""201303""",426.287,"""11""","""Total Petroleum Consumed by the Commercial Sector""","""Thousand Barrels per Day"""
"""PACCPUS""","""201304""",328.821,"""11""","""Total Petroleum Consumed by the Commercial Sector""","""Thousand Barrels per Day"""
"""PACCPUS""","""201305""",226.198,"""11""","""Total Petroleum Consumed by the Commercial Sector""","""Thousand Barrels per Day"""
"""PACCPUS""","""201306""",178.161,"""11""","""Total Petroleum Consumed by the Commercial Sector""","""Thousand Barrels per Day"""
"""PACCPUS""","""201307""",173.077,"""11""","""Total Petroleum Consumed by the Commercial Sector""","""Thousand Barrels per Day"""
"""PACCPUS""","""201308""",200.623,"""11""","""Total Petroleum Consumed by the Commercial Sector""","""Thousand Barrels per Day"""
"""PACCPUS""","""201309""",222.095,"""11""","""Total Petroleum Consumed by the Commercial Sector""","""Thousand Barrels per Day"""
"""PACCPUS""","""201310""",209.33,"""11""","""Total Petroleum Consumed by the Commercial Sector""","""Thousand Barrels per Day"""
"""PACCPUS""","""201311""",306.255,"""11""","""Total Petroleum Consumed by the Commercial Sector""","""Thousand Barrels per Day"""
"""PACCPUS""","""201312""",367.248,"""11""","""Total Petroleum Consumed by the Commercial Sector""","""Thousand Barrels per Day"""
"""PACCPUS""","""201401""",447.016,"""11""","""Total Petroleum Consumed by the Commercial Sector""","""Thousand Barrels per Day"""
"""PACCPUS""","""201402""",486.935,"""11""","""Total Petroleum Consumed by the Commercial Sector""","""Thousand Barrels per Day"""
"""PACCPUS""","""201403""",406.831,"""11""","""Total Petroleum Consumed by the Commercial Sector""","""Thousand Barrels per Day"""
"""PACCPUS""","""201404""",249.656,"""11""","""Total Petroleum Consumed by the Commercial Sector""","""Thousand Barrels per Day"""
"""PACCPUS""","""201405""",256.426,"""11""","""Total Petroleum Consumed by the Commercial Sector""","""Thousand Barrels per Day"""
"""PACCPUS""","""201406""",227.058,"""11""","""Total Petroleum Consumed by the Commercial Sector""","""Thousand Barrels per Day"""
"""PACCPUS""","""201407""",201.429,"""11""","""Total Petroleum Consumed by the Commercial Sector""","""Thousand Barrels per Day"""
"""PACCPUS""","""201408""",206.171,"""11""","""Total Petroleum Consumed by the Commercial Sector""","""Thousand Barrels per Day"""
"""PACCPUS""","""201409""",261.549,"""11""","""Total Petroleum Consumed by the Commercial Sector""","""Thousand Barrels per Day"""
"""PACCPUS""","""201410""",291.14,"""11""","""Total Petroleum Consumed by the Commercial Sector""","""Thousand Barrels per Day"""
"""PACCPUS""","""201411""",380.653,"""11""","""Total Petroleum Consumed by the Commercial Sector""","""Thousand Barrels per Day"""
"""PACCPUS""","""201412""",406.736,"""11""","""Total Petroleum Consumed by the Commercial Sector""","""Thousand Barrels per Day"""
"""PACCPUS""","""201501""",652.171,"""11""","""Total Petroleum Consumed by the Commercial Sector""","""Thousand Barrels per Day"""
"""PACCPUS""","""201502""",654.169,"""11""","""Total Petroleum Consumed by the Commercial Sector""","""Thousand Barrels per Day"""
"""PACCPUS""","""201503""",532.057,"""11""","""Total Petroleum Consumed by the Commercial Sector""","""Thousand Barrels per Day"""
"""PACCPUS""","""201504""",423.925,"""11""","""Total Petroleum Consumed by the Commercial Sector""","""Thousand Barrels per Day"""
"""PACCPUS""","""201505""",397.428,"""11""","""Total Petroleum Consumed by the Commercial Sector""","""Thousand Barrels per Day"""
"""PACCPUS""","""201506""",340.457,"""11""","""Total Petroleum Consumed by the Commercial Sector""","""Thousand Barrels per Day"""
"""PACCPUS""","""201507""",347.25,"""11""","""Total Petroleum Consumed by the Commercial Sector""","""Thousand Barrels per Day"""
"""PACCPUS""","""201508""",366.653,"""11""","""Total Petroleum Consumed by the Commercial Sector""","""Thousand Barrels per Day"""
"""PACCPUS""","""201509""",364.263,"""11""","""Total Petroleum Consumed by the Commercial Sector""","""Thousand Barrels per Day"""
"""PACCPUS""","""201510""",527.604,"""11""","""Total Petroleum Consumed by the Commercial Sector""","""Thousand Barrels per Day"""
"""PACCPUS""","""201511""",581.774,"""11""","""Total Petroleum Consumed by the Commercial Sector""","""Thousand Barrels per Day"""
"""PACCPUS""","""201512""",614.98,"""11""","""Total Petroleum Consumed by the Commercial Sector""","""Thousand Barrels per Day"""
"""PACCPUS""","""201601""",606.834,"""11""","""Total Petroleum Consumed by the Commercial Sector""","""Thousand Barrels per Day"""
"""PACCPUS""","""201602""",600.244,"""11""","""Total Petroleum Consumed by the Commercial Sector""","""Thousand Barrels per Day"""
"""PACCPUS""","""201603""",490.052,"""11""","""Total Petroleum Consumed by the Commercial Sector""","""Thousand Barrels per Day"""
"""PACCPUS""","""201604""",451.002,"""11""","""Total Petroleum Consumed by the Commercial Sector""","""Thousand Barrels per Day"""
"""PACCPUS""","""201605""",413.974,"""11""","""Total Petroleum Consumed by the Commercial Sector""","""Thousand Barrels per Day"""
"""PACCPUS""","""201606""",362.317,"""11""","""Total Petroleum Consumed by the Commercial Sector""","""Thousand Barrels per Day"""
"""PACCPUS""","""201607""",361.954,"""11""","""Total Petroleum Consumed by the Commercial Sector""","""Thousand Barrels per Day"""
"""PACCPUS""","""201608""",342.638,"""11""","""Total Petroleum Consumed by the Commercial Sector""","""Thousand Barrels per Day"""
"""PACCPUS""","""201609""",385.947,"""11""","""Total Petroleum Consumed by the Commercial Sector""","""Thousand Barrels per Day"""
"""PACCPUS""","""201610""",442.72,"""11""","""Total Petroleum Consumed by the Commercial Sector""","""Thousand Barrels per Day"""
"""PACCPUS""","""201611""",496.037,"""11""","""Total Petroleum Consumed by the Commercial Sector""","""Thousand Barrels per Day"""
"""PACCPUS""","""201612""",649.362,"""11""","""Total Petroleum Consumed by the Commercial Sector""","""Thousand Barrels per Day"""
"""PACCPUS""","""201701""",610.493,"""11""","""Total Petroleum Consumed by the Commercial Sector""","""Thousand Barrels per Day"""
"""PACCPUS""","""201702""",550.39,"""11""","""Total Petroleum Consumed by the Commercial Sector""","""Thousand Barrels per Day"""
"""PACCPUS""","""201703""",515.557,"""11""","""Total Petroleum Consumed by the Commercial Sector""","""Thousand Barrels per Day"""
"""PACCPUS""","""201704""",440.345,"""11""","""Total Petroleum Consumed by the Commercial Sector""","""Thousand Barrels per Day"""
"""PACCPUS""","""201705""",385.521,"""11""","""Total Petroleum Consumed by the Commercial Sector""","""Thousand Barrels per Day"""
"""PACCPUS""","""201706""",394.423,"""11""","""Total Petroleum Consumed by the Commercial Sector""","""Thousand Barrels per Day"""
"""PACCPUS""","""201707""",339.616,"""11""","""Total Petroleum Consumed by the Commercial Sector""","""Thousand Barrels per Day"""
"""PACCPUS""","""201708""",367.723,"""11""","""Total Petroleum Consumed by the Commercial Sector""","""Thousand Barrels per Day"""
"""PACCPUS""","""201709""",366.613,"""11""","""Total Petroleum Consumed by the Commercial Sector""","""Thousand Barrels per Day"""
"""PACCPUS""","""201710""",413.821,"""11""","""Total Petroleum Consumed by the Commercial Sector""","""Thousand Barrels per Day"""
"""PACCPUS""","""201711""",525.839,"""11""","""Total Petroleum Consumed by the Commercial Sector""","""Thousand Barrels per Day"""
"""PACCPUS""","""201712""",641.883,"""11""","""Total Petroleum Consumed by the Commercial Sector""","""Thousand Barrels per Day"""
"""PACCPUS""","""201801""",698.734,"""11""","""Total Petroleum Consumed by the Commercial Sector""","""Thousand Barrels per Day"""
"""PACCPUS""","""201802""",577.456,"""11""","""Total Petroleum Consumed by the Commercial Sector""","""Thousand Barrels per Day"""
"""PACCPUS""","""201803""",525.938,"""11""","""Total Petroleum Consumed by the Commercial Sector""","""Thousand Barrels per Day"""
"""PACCPUS""","""201804""",483.877,"""11""","""Total Petroleum Consumed by the Commercial Sector""","""Thousand Barrels per Day"""
"""PACCPUS""","""201805""",376.108,"""11""","""Total Petroleum Consumed by the Commercial Sector""","""Thousand Barrels per Day"""
"""PACCPUS""","""201806""",354.354,"""11""","""Total Petroleum Consumed by the Commercial Sector""","""Thousand Barrels per Day"""
"""PACCPUS""","""201807""",340.765,"""11""","""Total Petroleum Consumed by the Commercial Sector""","""Thousand Barrels per Day"""
"""PACCPUS""","""201808""",334.098,"""11""","""Total Petroleum Consumed by the Commercial Sector""","""Thousand Barrels per Day"""
"""PACCPUS""","""201809""",349.365,"""11""","""Total Petroleum Consumed by the Commercial Sector""","""Thousand Barrels per Day"""
"""PACCPUS""","""201810""",470.513,"""11""","""Total Petroleum Consumed by the Commercial Sector""","""Thousand Barrels per Day"""
"""PACCPUS""","""201811""",581.056,"""11""","""Total Petroleum Consumed by the Commercial Sector""","""Thousand Barrels per Day"""
"""PACCPUS""","""201812""",668.114,"""11""","""Total Petroleum Consumed by the Commercial Sector""","""Thousand Barrels per Day"""
"""PACCPUS""","""201901""",668.871,"""11""","""Total Petroleum Consumed by the Commercial Sector""","""Thousand Barrels per Day"""
"""PACCPUS""","""201902""",643.201,"""11""","""Total Petroleum Consumed by the Commercial Sector""","""Thousand Barrels per Day"""
"""PACCPUS""","""201903""",567.54,"""11""","""Total Petroleum Consumed by the Commercial Sector""","""Thousand Barrels per Day"""
"""PACCPUS""","""201904""",452.812,"""11""","""Total Petroleum Consumed by the Commercial Sector""","""Thousand Barrels per Day"""
"""PACCPUS""","""201905""",400.342,"""11""","""Total Petroleum Consumed by the Commercial Sector""","""Thousand Barrels per Day"""
"""PACCPUS""","""201906""",372.165,"""11""","""Total Petroleum Consumed by the Commercial Sector""","""Thousand Barrels per Day"""
"""PACCPUS""","""201907""",358.108,"""11""","""Total Petroleum Consumed by the Commercial Sector""","""Thousand Barrels per Day"""
"""PACCPUS""","""201908""",408.196,"""11""","""Total Petroleum Consumed by the Commercial Sector""","""Thousand Barrels per Day"""
"""PACCPUS""","""201909""",348.278,"""11""","""Total Petroleum Consumed by the Commercial Sector""","""Thousand Barrels per Day"""
"""PACCPUS""","""201910""",420.04,"""11""","""Total Petroleum Consumed by the Commercial Sector""","""Thousand Barrels per Day"""
"""PACCPUS""","""201911""",586.708,"""11""","""Total Petroleum Consumed by the Commercial Sector""","""Thousand Barrels per Day"""
"""PACCPUS""","""201912""",630.741,"""11""","""Total Petroleum Consumed by the Commercial Sector""","""Thousand Barrels per Day"""
"""PACCPUS""","""202001""",643.927,"""11""","""Total Petroleum Consumed by the Commercial Sector""","""Thousand Barrels per Day"""
"""PACCPUS""","""202002""",619.794,"""11""","""Total Petroleum Consumed by the Commercial Sector""","""Thousand Barrels per Day"""
"""PACCPUS""","""202003""",521.605,"""11""","""Total Petroleum Consumed by the Commercial Sector""","""Thousand Barrels per Day"""
"""PACCPUS""","""202004""",440.671,"""11""","""Total Petroleum Consumed by the Commercial Sector""","""Thousand Barrels per Day"""
"""PACCPUS""","""202005""",445.143,"""11""","""Total Petroleum Consumed by the Commercial Sector""","""Thousand Barrels per Day"""
"""PACCPUS""","""202006""",392.526,"""11""","""Total Petroleum Consumed by the Commercial Sector""","""Thousand Barrels per Day"""
"""PACCPUS""","""202007""",356.887,"""11""","""Total Petroleum Consumed by the Commercial Sector""","""Thousand Barrels per Day"""
"""PACCPUS""","""202008""",352.07,"""11""","""Total Petroleum Consumed by the Commercial Sector""","""Thousand Barrels per Day"""
"""PACCPUS""","""202009""",405.008,"""11""","""Total Petroleum Consumed by the Commercial Sector""","""Thousand Barrels per Day"""
"""PACCPUS""","""202010""",447.655,"""11""","""Total Petroleum Consumed by the Commercial Sector""","""Thousand Barrels per Day"""
"""PACCPUS""","""202011""",504.487,"""11""","""Total Petroleum Consumed by the Commercial Sector""","""Thousand Barrels per Day"""
"""PACCPUS""","""202012""",592.504,"""11""","""Total Petroleum Consumed by the Commercial Sector""","""Thousand Barrels per Day"""
"""PACCPUS""","""202101""",654.692,"""11""","""Total Petroleum Consumed by the Commercial Sector""","""Thousand Barrels per Day"""
"""PACCPUS""","""202102""",713.692,"""11""","""Total Petroleum Consumed by the Commercial Sector""","""Thousand Barrels per Day"""
"""PACCPUS""","""202103""",584.752,"""11""","""Total Petroleum Consumed by the Commercial Sector""","""Thousand Barrels per Day"""
"""PACCPUS""","""202104""",493.069,"""11""","""Total Petroleum Consumed by the Commercial Sector""","""Thousand Barrels per Day"""
"""PACCPUS""","""202105""",441.645,"""11""","""Total Petroleum Consumed by the Commercial Sector""","""Thousand Barrels per Day"""
"""PACCPUS""","""202106""",406.279,"""11""","""Total Petroleum Consumed by the Commercial Sector""","""Thousand Barrels per Day"""
"""PACCPUS""","""202107""",367.549,"""11""","""Total Petroleum Consumed by the Commercial Sector""","""Thousand Barrels per Day"""
"""PACCPUS""","""202108""",354.959,"""11""","""Total Petroleum Consumed by the Commercial Sector""","""Thousand Barrels per Day"""
"""PACCPUS""","""202109""",403.329,"""11""","""Total Petroleum Consumed by the Commercial Sector""","""Thousand Barrels per Day"""
"""PACCPUS""","""202110""",467.883,"""11""","""Total Petroleum Consumed by the Commercial Sector""","""Thousand Barrels per Day"""
"""PACCPUS""","""202111""",559.3,"""11""","""Total Petroleum Consumed by the Commercial Sector""","""Thousand Barrels per Day"""
"""PACCPUS""","""202112""",629.574,"""11""","""Total Petroleum Consumed by the Commercial Sector""","""Thousand Barrels per Day"""
"""PACCPUS""","""202201""",689.542,"""11""","""Total Petroleum Consumed by the Commercial Sector""","""Thousand Barrels per Day"""
"""PACCPUS""","""202202""",744.047,"""11""","""Total Petroleum Consumed by the Commercial Sector""","""Thousand Barrels per Day"""
"""PACCPUS""","""202203""",588.882,"""11""","""Total Petroleum Consumed by the Commercial Sector""","""Thousand Barrels per Day"""
"""PACCPUS""","""202204""",486.714,"""11""","""Total Petroleum Consumed by the Commercial Sector""","""Thousand Barrels per Day"""
"""PACCPUS""","""202205""",430.155,"""11""","""Total Petroleum Consumed by the Commercial Sector""","""Thousand Barrels per Day"""
"""PACCPUS""","""202206""",399.12,"""11""","""Total Petroleum Consumed by the Commercial Sector""","""Thousand Barrels per Day"""
"""PACCPUS""","""202207""",352.502,"""11""","""Total Petroleum Consumed by the Commercial Sector""","""Thousand Barrels per Day"""
"""PACCPUS""","""202208""",350.076,"""11""","""Total Petroleum Consumed by the Commercial Sector""","""Thousand Barrels per Day"""
"""PACCPUS""","""202209""",396.31,"""11""","""Total Petroleum Consumed by the Commercial Sector""","""Thousand Barrels per Day"""
"""PACCPUS""","""202210""",467.504,"""11""","""Total Petroleum Consumed by the Commercial Sector""","""Thousand Barrels per Day"""
"""PACCPUS""","""202211""",541.07,"""11""","""Total Petroleum Consumed by the Commercial Sector""","""Thousand Barrels per Day"""
"""PACCPUS""","""202212""",634.921,"""11""","""Total Petroleum Consumed by the Commercial Sector""","""Thousand Barrels per Day"""
